type,time,exchange,competitor,odds,backer,layer,stake
Trade,0.5108397006988525,0,0,3.962177149664986,2,7,15
Trade,0.5260779857635498,0,0,3.962177149664986,7,51,15
Trade,0.5593504905700684,0,0,3.962177149664986,1,2,15
Trade,0.769744873046875,0,0,2.962177149664986,7,1,15
Trade,0.8542304039001465,0,0,2.962177149664986,2,6,15
Trade,0.8732125759124756,0,0,2.962177149664986,2,7,15
Trade,1.055346965789795,0,0,3.962177149664986,6,7,15
Trade,1.14682936668396,0,0,4.962177149664986,53,6,15
Trade,1.43280029296875,0,0,3.962177149664986,1,2,15
Trade,1.4511134624481201,0,0,2.962177149664986,6,1,15
Trade,1.5066299438476562,0,0,4.96241286479138,53,7,15
Trade,1.674332857131958,0,0,3.9624128647913803,2,1,15
Trade,2.286621332168579,0,0,3.9624128647913803,7,2,15
Trade,2.4287943840026855,0,0,3.9624128647913803,1,6,15
Trade,2.5658161640167236,0,0,4.96241286479138,53,7,15
Trade,2.8903729915618896,0,0,3.9624128647913803,1,6,15
Trade,2.8907217979431152,0,0,3.9624128647913803,6,51,15
Trade,2.8913776874542236,0,0,3.9624128647913803,1,2,15
Trade,2.969956398010254,0,0,1.1,1,51,15
Trade,5.761941432952881,0,0,4.447480778263969,54,1,15
Trade,7.6415746212005615,0,0,5.447480778263969,7,56,15
Trade,7.683057069778442,0,0,5.447480778263969,1,55,15
Trade,7.766763925552368,0,0,5.447480778263969,1,56,15
Trade,7.976597785949707,0,0,5.447480778263969,2,55,15
Trade,8.446935176849365,0,0,2.6244200924045327,50,1,15
Trade,9.484128475189209,0,0,3.6244200924045327,6,56,15
Trade,9.92742395401001,0,0,5.447480778263969,1,56,15
Trade,10.030581712722778,0,0,5.447480778263969,7,55,15
Trade,11.733200073242188,0,0,5.447480778263969,2,55,15
Trade,11.795162200927734,0,0,5.447480778263969,1,56,15
Trade,11.831995487213135,0,0,5.447480778263969,6,55,15
Trade,11.952093601226807,0,0,5.447480778263969,2,56,15
Trade,11.963416576385498,0,0,5.447480778263969,1,55,15
Trade,12.244931936264038,0,0,5.447480778263969,6,56,15
Trade,14.204775094985962,0,0,5.447480778263969,7,55,15
Trade,14.395326852798462,0,0,5.447480778263969,2,56,15
Trade,17.281209230422974,0,0,5.447480778263969,6,56,15
Trade,17.28509783744812,0,0,5.447480778263969,6,55,15
Trade,17.334505081176758,0,0,5.447480778263969,6,58,15
Trade,18.210729837417603,0,0,5.447480778263969,1,59,15
Trade,19.72680115699768,0,0,5.447480778263969,2,59,15
Trade,19.732260704040527,0,0,5.447480778263969,6,57,15
Trade,19.74750590324402,0,0,5.447480778263969,7,56,15
Trade,20.05571150779724,0,0,5.547480778263969,1,58,15
Trade,23.69671368598938,0,0,6.447480778263969,7,6,15
Trade,28.02863073348999,0,0,6.447480778263969,1,56,15
Trade,28.113840579986572,0,0,6.447480778263969,2,57,15
Trade,28.150988578796387,0,0,6.447480778263969,7,56,15
Trade,28.201857328414917,0,0,6.447480778263969,6,57,15
Trade,28.794198513031006,0,0,6.547480778263969,2,55,15
Trade,28.956156015396118,0,0,6.547480778263969,7,59,15
Trade,28.980846881866455,0,0,6.547480778263969,7,58,15
Trade,29.217349767684937,0,0,6.547480778263969,7,56,15
Trade,29.976942777633667,0,0,6.547480778263969,2,57,15
Trade,31.150530576705933,0,0,6.547480778263969,1,55,15
Trade,31.969592094421387,0,0,6.547480778263969,7,58,15
Trade,33.28338384628296,0,0,5.447480778263969,1,41,15
Trade,33.66184425354004,0,0,6.547480778263969,1,57,15
Trade,33.96520471572876,0,0,6.547480778263969,2,58,15
Trade,34.80738663673401,0,0,6.547480778263969,7,1,15
Trade,34.886406660079956,0,0,6.547480778263969,6,2,15
Trade,34.89481854438782,0,0,6.547480778263969,2,59,15
Trade,36.97357726097107,0,0,6.547480778263969,1,7,15
Trade,37.354305028915405,0,0,6.547480778263969,2,56,15
Trade,37.405189990997314,0,0,6.547480778263969,7,57,15
Trade,37.73012065887451,0,0,6.547480778263969,6,58,15
Trade,38.33209252357483,0,0,6.547480778263969,2,55,15
Trade,38.386024475097656,0,0,6.547480778263969,2,6,15
Trade,38.81876039505005,0,0,5.547480778263969,6,49,15
Trade,39.84668326377869,0,0,7.447480778263969,2,1,15
Trade,39.88050293922424,0,0,7.447480778263969,1,7,15
Trade,39.887855052948,0,0,5.447480778263969,6,2,15
Trade,40.33232378959656,0,0,5.547480778263969,2,55,15
Trade,40.93383193016052,0,0,7.447480778263969,1,2,15
Trade,43.539602756500244,0,0,5.447480778263969,6,6,15
Trade,43.698200702667236,0,0,5.547480778263969,7,56,15
Trade,44.136693477630615,0,0,5.447480778263969,7,1,15
Trade,44.4105589389801,0,0,7.447480778263969,1,7,15
Trade,44.49304795265198,0,0,5.547480778263969,7,57,15
Trade,46.481913805007935,0,0,7.447480778263969,6,2,15
Trade,46.76210069656372,0,0,7.447480778263969,2,1,15
Trade,46.960188150405884,0,0,7.447480778263969,7,1,15
Trade,47.04992938041687,0,0,6.547480778263969,2,55,15
Trade,47.05040001869202,0,0,6.547480778263969,7,56,15
Trade,47.0511474609375,0,0,6.547480778263969,6,57,15
Trade,47.0516459941864,0,0,6.547480778263969,1,55,15
Trade,47.05388641357422,0,0,6.647480778263969,7,59,15
Trade,47.05537509918213,0,0,6.647480778263969,1,58,15
Trade,47.05621838569641,0,0,6.647480778263969,1,57,15
Trade,47.056556224823,0,0,6.647480778263969,1,56,15
Trade,47.05694818496704,0,0,6.647480778263969,6,55,15
Trade,47.05712056159973,0,0,6.647480778263969,6,59,15
Trade,47.05809497833252,0,0,6.547480778263969,2,44,15
Trade,47.08221459388733,0,0,5.547480778263969,1,40,15
Trade,47.084959506988525,0,0,4.447480778263969,6,56,15
Trade,47.085731983184814,0,0,5.447480778263969,1,6,15
Trade,47.08608531951904,0,0,6.547480778263969,2,56,15
Trade,47.08910775184631,0,0,6.547480778263969,7,57,15
Trade,47.08994674682617,0,0,6.647480778263969,2,59,15
Trade,47.09016680717468,0,0,6.647480778263969,2,55,15
Trade,47.09096670150757,0,0,6.647480778263969,2,58,15
Trade,47.09338569641113,0,0,6.647480778263969,2,56,15
Trade,47.0937922000885,0,0,6.647480778263969,6,57,15
Trade,47.09397029876709,0,0,6.647480778263969,7,59,15
Trade,47.09584283828735,0,0,6.647480778263969,1,55,15
Trade,47.10002684593201,0,0,6.647480778263969,2,58,15
Trade,47.102954387664795,0,0,6.547480778263969,6,2,15
Trade,47.1150381565094,0,0,6.547480778263969,2,43,15
Trade,47.11541771888733,0,0,6.547480778263969,6,55,15
Trade,47.1155526638031,0,0,6.547480778263969,7,58,15
Trade,47.1162543296814,0,0,6.547480778263969,1,55,15
Trade,47.117002964019775,0,0,6.647480778263969,2,58,15
Trade,47.11743998527527,0,0,6.647480778263969,7,59,15
Trade,47.11799693107605,0,0,6.647480778263969,1,57,15
Trade,47.11880826950073,0,0,6.647480778263969,7,56,15
Trade,47.14228892326355,0,0,6.547480778263969,6,46,15
Trade,47.14239716529846,0,0,6.547480778263969,1,42,15
Trade,47.142987966537476,0,0,6.547480778263969,7,56,15
Trade,47.14331340789795,0,0,6.547480778263969,2,55,15
Trade,47.14562463760376,0,0,6.647480778263969,6,58,15
Trade,47.14825892448425,0,0,6.647480778263969,1,59,15
Trade,47.14955139160156,0,0,6.647480778263969,6,57,15
Trade,47.149818897247314,0,0,6.647480778263969,1,56,15
Trade,47.15077877044678,0,0,6.647480778263969,7,55,15
Trade,47.1623809337616,0,0,6.647480778263969,1,58,15
Trade,47.17363166809082,0,0,6.547480778263969,1,59,15
Trade,47.17428541183472,0,0,6.547480778263969,7,56,15
Trade,47.184250593185425,0,0,7.447480778263969,6,47,15
Trade,47.20269966125488,0,0,6.647480778263969,1,58,15
Trade,47.20348906517029,0,0,6.647480778263969,1,59,15
Trade,47.204612255096436,0,0,6.647480778263969,6,55,15
Trade,47.21017503738403,0,0,6.647480778263969,1,56,15
Trade,47.2123589515686,0,0,6.647480778263969,1,57,15
Trade,47.21542930603027,0,0,6.447480778263969,6,1,15
Trade,47.21715450286865,0,0,7.447480778263969,2,56,15
Trade,47.21859431266785,0,0,7.447480778263969,7,56,15
Trade,47.219841718673706,0,0,7.447480778263969,2,58,15
Trade,47.220012187957764,0,0,7.447480778263969,1,57,15
Trade,47.220619440078735,0,0,7.447480778263969,7,58,15
Trade,47.2209198474884,0,0,7.547480778263969,7,57,15
Trade,47.22270607948303,0,0,7.547480778263969,2,59,15
Trade,47.232442140579224,0,0,7.547480778263969,2,55,15
Trade,47.236706018447876,0,0,7.547480778263969,7,59,15
Trade,47.24932551383972,0,0,7.447480778263969,6,55,15
Trade,47.253113985061646,0,0,7.447480778263969,7,55,15
Trade,47.25479698181152,0,0,7.547480778263969,6,59,15
Trade,47.25576567649841,0,0,7.547480778263969,1,58,15
Trade,47.25800704956055,0,0,7.547480778263969,6,56,15
Trade,47.261208295822144,0,0,7.547480778263969,2,55,15
Trade,47.262518882751465,0,0,7.547480778263969,7,57,15
Trade,47.26561093330383,0,0,7.547480778263969,1,59,15
Trade,47.26634407043457,0,0,7.547480778263969,1,58,15
Trade,47.27997708320618,0,0,6.447480778263969,1,2,15
Trade,47.2865104675293,0,0,5.547480778263969,1,57,15
Trade,47.28689002990723,0,0,5.547480778263969,6,59,15
Trade,47.287128925323486,0,0,7.447480778263969,2,57,15
Trade,47.28790068626404,0,0,5.547480778263969,2,59,15
Trade,47.28814649581909,0,0,5.547480778263969,6,57,15
Trade,47.288777589797974,0,0,7.447480778263969,7,59,15
Trade,47.313589096069336,0,0,7.447480778263969,6,55,15
Trade,47.3141815662384,0,0,7.447480778263969,7,58,15
Trade,47.31439161300659,0,0,7.447480778263969,2,59,15
Trade,47.31471061706543,0,0,7.447480778263969,1,55,15
Trade,47.31572985649109,0,0,7.547480778263969,2,57,15
Trade,47.420729637145996,0,0,7.547480778263969,7,56,15
Trade,47.58127403259277,0,0,7.547480778263969,6,58,15
Trade,47.594897508621216,0,0,7.547480778263969,7,59,15
Trade,47.87694430351257,0,0,7.547480778263969,1,55,15
Trade,48.05639147758484,0,0,7.547480778263969,6,57,15
Trade,48.17901372909546,0,0,6.447480778263969,6,7,15
Trade,48.2961630821228,0,0,6.447480778263969,2,6,15
Trade,48.30256175994873,0,0,5.547480778263969,7,1,15
Trade,48.449944734573364,0,0,4.547480778263969,6,48,15
Trade,48.713433265686035,0,0,4.547480778263969,6,45,15
Trade,48.79481887817383,0,0,3.4559595289692275,2,52,15
Trade,1.4678287506103516,0,1,1.4666666666666666,34,0,15
Trade,2.366345167160034,0,1,1.4666666666666666,39,0,15
Trade,2.6660048961639404,0,1,1.4666666666666666,37,0,15
Trade,7.007079124450684,0,1,2.1,0,0,15
Trade,7.2168755531311035,0,1,1.4666666666666666,30,0,15
Trade,7.272488355636597,0,1,1.4666666666666666,36,0,15
Trade,7.4135847091674805,0,1,1.4666666666666666,32,56,15
Trade,7.4877636432647705,0,1,1.4666666666666666,38,56,15
Trade,7.503843784332275,0,1,1.4666666666666666,33,55,15
Trade,7.558098077774048,0,1,1.4666666666666666,31,56,15
Trade,7.579028129577637,0,1,1.5666666666666667,51,55,15
Trade,7.621211767196655,0,1,2.1,0,56,15
Trade,7.685706377029419,0,1,2.4,50,0,15
Trade,7.815228462219238,0,1,2.2,0,55,15
Trade,7.973058700561523,0,1,3.8311747855393357,52,0,15
Trade,8.069298028945923,0,1,1.2000000000000002,0,56,15
Trade,8.371906042098999,0,1,3.649348524008573,51,0,15
Trade,8.702966690063477,0,1,4.244683876334663,52,0,15
Trade,8.821397542953491,0,1,1.2000000000000002,0,55,15
Trade,9.719696998596191,0,1,5.479883101026426,53,0,15
Trade,9.73471713066101,0,1,1.3000000000000003,0,56,15
Trade,10.717508554458618,0,1,1.3000000000000003,0,55,15
Trade,10.754552602767944,0,1,5.430939127280444,53,0,15
Trade,12.317070007324219,0,1,1.4000000000000004,0,56,15
Trade,12.608200073242188,0,1,1.4000000000000004,0,55,15
Trade,14.031818389892578,0,1,1.5000000000000004,0,55,15
Trade,14.187518119812012,0,1,1.4000000000000004,0,56,15
Trade,19.709315061569214,0,1,4.758476044121126,51,57,15
Trade,19.711530685424805,0,1,5.278592982810133,54,56,15
Trade,19.719208002090454,0,1,5.7584799730177885,0,59,15
Trade,19.818750143051147,0,1,6.0970924220931355,52,56,15
Trade,19.92261052131653,0,1,6.173404600518147,53,59,15
Trade,20.071715831756592,0,1,6.378592982810132,54,55,15
Trade,20.094806909561157,0,1,4.378617254946236,54,58,15
Trade,20.11031723022461,0,1,4.378617254946236,54,57,15
Trade,20.121719360351562,0,1,4.378617254946236,54,56,15
Trade,20.13738441467285,0,1,4.378617254946236,54,59,15
Trade,20.149901151657104,0,1,4.378617254946236,54,55,15
Trade,20.167643547058105,0,1,5.278617254946236,54,0,15
Trade,20.417394399642944,0,1,3.9991820822363464,54,0,15
Trade,25.278456926345825,0,1,3.2786172549462362,0,0,15
Trade,33.43512153625488,0,1,5.278617254946236,0,57,15
Trade,34.05064272880554,0,1,5.378617254946236,0,56,15
Trade,34.57237148284912,0,1,5.378617254946236,0,59,15
Trade,38.93013286590576,0,1,5.378617254946236,0,55,15
Trade,39.180240631103516,0,1,5.378617254946236,0,58,15
Trade,39.29039478302002,0,1,5.94190054569243,52,0,15
Trade,39.79321599006653,0,1,6.113799745650422,54,0,15
Trade,40.20515823364258,0,1,6.250775315696828,54,0,15
Trade,41.469266414642334,0,1,4.378617254946236,0,57,15
Trade,41.7554657459259,0,1,6.246281637603399,54,0,15
Trade,41.879173040390015,0,1,6.246060112083722,54,0,15
Trade,42.69996237754822,0,1,4.378617254946236,0,56,15
Trade,44.805734634399414,0,1,4.378617254946236,0,55,15
Trade,45.034218549728394,0,1,4.378617254946236,0,59,15
Trade,46.50916600227356,0,1,6.245727771275149,54,0,15
Trade,46.76741886138916,0,1,6.780404115786894,53,0,15
Trade,47.03212237358093,0,1,4.378617254946236,0,58,15
Trade,47.0374813079834,0,1,4.378617254946236,0,55,15
Trade,47.05780529975891,0,1,2.2786172549462362,0,0,15
Trade,47.063849210739136,0,1,4.378617254946236,0,59,15
Trade,47.06815505027771,0,1,4.378617254946236,0,56,15
Trade,47.11833333969116,0,1,5.378617254946236,0,0,15
Trade,47.146538734436035,0,1,5.378617254946236,0,0,15
Trade,47.16340112686157,0,1,5.378617254946236,0,0,15
Trade,47.16378951072693,0,1,5.4786172549462355,0,57,15
Trade,47.16721987724304,0,1,5.378617254946236,0,0,15
Trade,47.174097299575806,0,1,5.4786172549462355,0,56,15
Trade,47.177727937698364,0,1,5.4786172549462355,0,59,15
Trade,47.192474603652954,0,1,7.098854297635135,54,0,15
Trade,47.19785785675049,0,1,5.4786172549462355,0,58,15
Trade,47.23724007606506,0,1,4.378617254946236,0,0,15
Trade,47.24856185913086,0,1,4.378617254946236,0,0,15
Trade,47.32199287414551,0,1,4.378617254946236,0,0,15
Trade,47.68693923950195,0,1,4.4786172549462355,0,58,15
Trade,47.797568559646606,0,1,4.4786172549462355,51,59,15
Trade,47.81906199455261,0,1,4.4786172549462355,51,55,15
Trade,47.841078758239746,0,1,4.4786172549462355,51,56,15
Trade,47.850703716278076,0,1,3.378617254946236,53,0,15
Trade,47.86005878448486,0,1,1.9657765591420815,51,54,15
Trade,48.342472076416016,0,1,2.475091163065566,53,0,15
Trade,48.55310606956482,0,1,2.475091163065566,53,0,15
Trade,48.56247639656067,0,1,2.244118879773115,51,50,15
Trade,48.72257041931152,0,1,2.244118879773115,0,50,15
Trade,49.47816705703735,0,1,2.475091163065566,53,59,15
Trade,49.655213594436646,0,1,4.578617254946235,54,57,15
Trade,49.667205572128296,0,1,4.578617254946235,54,55,15
Trade,49.6794912815094,0,1,4.578617254946235,54,58,15
Trade,49.70811867713928,0,1,4.578617254946235,52,56,15
Trade,49.72155833244324,0,1,2.244118879773115,51,50,15
Trade,49.77374315261841,0,1,1.5251398907456704,52,50,15
Trade,49.818337202072144,0,1,1.5251398907456704,52,50,15
Trade,49.85156202316284,0,1,1.6265979740692722,51,50,15
Trade,50.51364278793335,0,1,2.244118879773115,52,50,15
Trade,50.53125500679016,0,1,2.244118879773115,52,50,15
Trade,50.5565824508667,0,1,1.5251398907456704,52,50,15
Trade,52.244325160980225,0,1,2.244118879773115,52,50,15
Trade,53.08434271812439,0,1,1.5251398907456704,52,50,15
Trade,53.10807514190674,0,1,1.6265979740692722,51,50,15
Trade,53.17299509048462,0,1,2.475091163065566,53,50,15
Trade,53.19870615005493,0,1,2.475091163065566,53,54,15
Trade,53.214799880981445,0,1,3.5960652636333044,54,50,15
Trade,53.23264265060425,0,1,2.475091163065566,53,54,15
Trade,53.269453048706055,0,1,3.902987855830946,53,50,15
Trade,53.2812557220459,0,1,2.9812263294037598,53,54,15
Trade,53.31766438484192,0,1,3.902987855830946,53,50,15
Trade,53.33377242088318,0,1,2.9812263294037598,53,54,15
Trade,53.39207458496094,0,1,2.9812263294037598,53,54,15
Trade,53.40451502799988,0,1,2.9812263294037598,53,54,15
Trade,53.47332715988159,0,1,6.273597251146134,53,50,15
Trade,53.49215364456177,0,1,6.273597251146134,53,50,15
Trade,53.52025389671326,0,1,2.9812263294037598,53,54,15
Trade,53.59371376037598,0,1,2.475091163065566,53,54,15
Trade,53.62806701660156,0,1,4.791973225653308,53,54,15
Trade,53.68247604370117,0,1,2.475091163065566,53,54,15
Trade,53.799617767333984,0,1,2.475091163065566,53,51,15
Trade,53.81536602973938,0,1,4.791973225653308,53,54,15
Trade,53.8264594078064,0,1,3.2219910846557505,53,51,15
Trade,53.86144471168518,0,1,2.70028968525294,53,52,15
Trade,53.96285057067871,0,1,2.475091163065566,53,52,15
Trade,53.9769971370697,0,1,3.2219910846557505,53,51,15
Trade,0.12384676933288574,0,2,2.4,52,9,15
Trade,0.2151954174041748,0,2,4.9,53,8,15
Trade,0.40787577629089355,0,2,3.962177149664986,9,8,15
Trade,0.4608898162841797,0,2,4.962177149664986,53,4,15
Trade,0.5106849670410156,0,2,4.962177149664986,53,9,15
Trade,0.5594820976257324,0,2,4.962177149664986,53,8,15
Trade,0.601137638092041,0,2,4.962177149664986,53,9,15
Trade,0.8909444808959961,0,2,3.962177149664986,52,4,15
Trade,0.9175903797149658,0,2,4.962177149664986,9,4,15
Trade,1.0152761936187744,0,2,3.962177149664986,4,9,15
Trade,1.1363754272460938,0,2,4.962177149664986,53,8,15
Trade,1.1371104717254639,0,2,2.954553966781092,9,50,15
Trade,1.1804845333099365,0,2,4.029467355825792,8,4,15
Trade,1.204698085784912,0,2,1.1,9,51,15
Trade,1.2378644943237305,0,2,5.029467355825792,53,8,15
Trade,1.4181926250457764,0,2,4.029467355825792,8,4,15
Trade,1.8559749126434326,0,2,4.029467355825792,8,4,15
Trade,2.0068747997283936,0,2,4.029467355825792,4,8,15
Trade,2.0521650314331055,0,2,5.043181664342938,53,8,15
Trade,2.109912633895874,0,2,5.041605921914164,53,9,15
Trade,2.3087449073791504,0,2,5.041036260141875,53,4,15
Trade,2.380270004272461,0,2,1.1,8,51,15
Trade,3.2487027645111084,0,2,5.1258508168091135,51,8,15
Trade,3.366776704788208,0,2,5.1440433805880375,51,9,15
Trade,3.5846829414367676,0,2,4.151612780681612,9,9,15
Trade,3.693385124206543,0,2,5.221880902829325,51,8,15
Trade,3.8619964122772217,0,2,5.257793451406463,51,4,15
Trade,3.9349474906921387,0,2,5.28078415982488,51,9,15
Trade,3.9809980392456055,0,2,5.2900502905045546,51,9,15
Trade,4.104959011077881,0,2,5.327227439732249,51,8,15
Trade,4.228979587554932,0,2,5.350319631894735,51,9,15
Trade,4.778121709823608,0,2,3.445456812521792,54,8,15
Trade,4.865699768066406,0,2,4.9873363497616845,50,4,15
Trade,4.866279363632202,0,2,2.445456812521792,8,9,15
Trade,4.879275321960449,0,2,5.470398177385664,53,9,15
Trade,5.629209995269775,0,2,5.258670925495937,52,8,15
Trade,5.6889588832855225,0,2,5.262140507569302,52,4,15
Trade,6.268601179122925,0,2,4.260422217658229,8,8,15
Trade,6.69381308555603,0,2,4.07421479551037,53,4,15
Trade,6.809679746627808,0,2,4.067820014873913,53,8,15
Trade,6.864169120788574,0,2,4.065518692326826,53,8,15
Trade,6.877579927444458,0,2,1.4192866372178998,4,54,15
Trade,6.9090940952301025,0,2,4.064107892251251,53,4,15
Trade,7.101571559906006,0,2,4.056852240117008,53,4,15
Trade,7.157360076904297,0,2,3.2604222176582294,9,8,15
Trade,7.411685943603516,0,2,3.2604222176582294,9,56,15
Trade,7.494511127471924,0,2,4.051673853778373,53,9,15
Trade,7.528413534164429,0,2,5.009238354377665,52,8,15
Trade,8.260809183120728,0,2,3.3604222176582295,4,56,15
Trade,8.309175252914429,0,2,3.3604222176582295,8,55,15
Trade,8.456954717636108,0,2,4.154549898979183,8,9,15
Trade,8.657517433166504,0,2,3.054752275666802,4,8,15
Trade,8.720141410827637,0,2,5.187476755816749,52,4,15
Trade,8.81377363204956,0,2,5.1956795466620855,52,8,15
Trade,8.95672059059143,0,2,5.209664040686605,52,9,15
Trade,9.04967999458313,0,2,5.21407025008114,52,4,15
Trade,9.275742769241333,0,2,1.9875748891819536,4,54,15
Trade,9.296632528305054,0,2,5.231504715293456,52,4,15
Trade,9.408558130264282,0,2,2.087291464227733,8,56,15
Trade,9.448254108428955,0,2,4.3151802168377165,9,4,15
Trade,9.564839363098145,0,2,5.319570919645838,52,8,15
Trade,9.600940465927124,0,2,5.318606713426814,52,4,15
Trade,9.60667634010315,0,2,5.317673812806325,52,9,15
Trade,10.049031257629395,0,2,5.303576857543144,52,4,15
Trade,10.17916464805603,0,2,4.296158083083574,9,4,15
Trade,10.320069074630737,0,2,5.268653647646417,52,4,15
Trade,10.690210103988647,0,2,5.281772956719805,9,9,15
Trade,10.769315242767334,0,2,5.281772956719805,9,8,15
Trade,10.825690507888794,0,2,3.154752275666802,9,56,15
Trade,10.829551935195923,0,2,3.154752275666802,8,55,15
Trade,11.021642923355103,0,2,1.9728316677075926,4,54,15
Trade,11.074109315872192,0,2,1.973151499506139,8,54,15
Trade,11.66602635383606,0,2,1.2000000000000002,9,55,15
Trade,11.79654574394226,0,2,2.0694282566129742,4,55,15
Trade,12.107500791549683,0,2,4.3817729567198045,4,56,15
Trade,12.13181757926941,0,2,4.3817729567198045,4,55,15
Trade,12.17679238319397,0,2,1.1,4,53,15
Trade,12.81567645072937,0,2,1.1,9,4,15
Trade,12.89699673652649,0,2,1.1,34,9,15
Trade,13.05602478981018,0,2,1.1,4,8,15
Trade,13.168154001235962,0,2,1.1,39,8,15
Trade,13.191611528396606,0,2,1.1,30,4,15
Trade,13.35099720954895,0,2,1.1,35,4,15
Trade,13.791040658950806,0,2,1.1,37,8,15
Trade,13.844485998153687,0,2,1.1,36,9,15
Trade,13.8701171875,0,2,1.1,33,55,15
Trade,13.903322458267212,0,2,1.1,31,55,15
Trade,13.955398559570312,0,2,1.1,32,55,15
Trade,13.98755168914795,0,2,1.1,4,55,15
Trade,14.222843408584595,0,2,1.2000000000000002,4,56,15
Trade,14.281425476074219,0,2,1.1,4,9,15
Trade,14.88243317604065,0,2,1.1,8,8,15
Trade,14.893147230148315,0,2,1.1,38,51,15
Trade,14.901026248931885,0,2,1.1,31,4,15
Trade,14.907020092010498,0,2,1.1,35,8,15
Trade,14.92587661743164,0,2,1.1,36,4,15
Trade,14.927542686462402,0,2,1.1,37,51,15
Trade,14.959121704101562,0,2,1.1,39,51,15
Trade,14.985090494155884,0,2,1.1,32,51,15
Trade,15.023224592208862,0,2,1.1,33,51,15
Trade,15.062296628952026,0,2,1.1,34,51,15
Trade,15.082916736602783,0,2,1.1,30,51,15
Trade,15.461031913757324,0,2,2.1,4,4,15
Trade,15.711116790771484,0,2,1.1,4,51,15
Trade,16.0834538936615,0,2,3.1,8,9,15
Trade,16.5634503364563,0,2,1.1,4,56,15
Trade,16.573654413223267,0,2,1.1,53,4,15
Trade,16.575539112091064,0,2,1.1,8,51,15
Trade,16.81470561027527,0,2,2.2,8,55,15
Trade,16.907439708709717,0,2,2.2,9,56,15
Trade,17.079201459884644,0,2,2.2,38,58,15
Trade,17.088849544525146,0,2,2.2,34,59,15
Trade,17.090823888778687,0,2,2.2,39,55,15
Trade,17.092777490615845,0,2,1.1,31,8,15
Trade,17.103912830352783,0,2,2.1,32,8,15
Trade,17.105827808380127,0,2,1.1,36,9,15
Trade,17.149544715881348,0,2,1.1,30,4,15
Trade,17.185770273208618,0,2,1.1,37,8,15
Trade,17.236661672592163,0,2,1.1,33,4,15
Trade,17.30001139640808,0,2,1.1,35,9,15
Trade,17.501423358917236,0,2,2.2,8,4,15
Trade,17.696359634399414,0,2,5.278586343819831,54,4,15
Trade,17.892414331436157,0,2,6.097080681507715,52,8,15
Trade,17.995801210403442,0,2,6.173390754463921,53,8,15
Trade,18.0602388381958,0,2,4.278586343819831,8,9,15
Trade,18.22418713569641,0,2,6.278586343819831,9,8,15
Trade,18.31719136238098,0,2,4.278586343819831,32,9,15
Trade,18.319242477416992,0,2,4.278586343819831,38,4,15
Trade,18.32726502418518,0,2,1.5814922158799092,31,54,15
Trade,18.338486433029175,0,2,1.1,39,53,15
Trade,18.431882858276367,0,2,1.1,33,9,15
Trade,18.914602518081665,0,2,1.1,35,4,15
Trade,19.201598405838013,0,2,1.1,30,4,15
Trade,19.241632223129272,0,2,1.1,36,54,15
Trade,19.248480319976807,0,2,1.1,34,53,15
Trade,19.27825951576233,0,2,1.1,37,53,15
Trade,19.734512329101562,0,2,4.278586343819831,4,8,15
Trade,20.15686345100403,0,2,7.173390754463921,4,9,15
Trade,20.30152201652527,0,2,5.173390754463921,37,4,15
Trade,20.318074226379395,0,2,5.173390754463921,33,8,15
Trade,20.328771352767944,0,2,2.3000000000000003,36,57,15
Trade,20.331303596496582,0,2,2.3000000000000003,32,56,15
Trade,20.33574914932251,0,2,2.3000000000000003,39,59,15
Trade,20.34796643257141,0,2,2.3000000000000003,38,58,15
Trade,20.350832223892212,0,2,2.3000000000000003,34,55,15
Trade,20.35309672355652,0,2,1.1,35,54,15
Trade,20.355361700057983,0,2,1.1,31,53,15
Trade,20.3810453414917,0,2,1.1,30,9,15
Trade,23.832430362701416,0,2,4.278586343819831,8,56,15
Trade,23.84950852394104,0,2,4.278586343819831,4,55,15
Trade,24.272917985916138,0,2,1.1,4,54,15
Trade,27.010377407073975,0,2,1.1,4,9,15
Trade,27.237340211868286,0,2,1.1,9,4,15
Trade,27.65816855430603,0,2,1.1,4,53,15
Trade,27.769664525985718,0,2,1.1,9,52,15
Trade,28.077322244644165,0,2,2.1,8,56,15
Trade,28.091248035430908,0,2,1.2000000000000002,4,57,15
Trade,28.303429126739502,0,2,2.2,9,57,15
Trade,28.56500744819641,0,2,5.755427809169666,54,8,15
Trade,29.067752838134766,0,2,3.278586343819831,4,9,15
Trade,29.76334857940674,0,2,5.278586343819831,9,8,15
Trade,32.76626658439636,0,2,5.278586343819831,54,9,15
Trade,32.83469223976135,0,2,5.278586343819831,54,9,15
Trade,33.029714584350586,0,2,4.681205597721779,54,8,15
Trade,33.138896226882935,0,2,4.681102909314777,54,8,15
Trade,33.25818872451782,0,2,4.681053514729681,54,8,15
Trade,33.30461001396179,0,2,5.278586343819831,9,4,15
Trade,33.62608599662781,0,2,5.278586343819831,8,8,15
Trade,33.646071910858154,0,2,5.378586343819831,4,59,15
Trade,33.9531614780426,0,2,5.427079215023581,50,4,15
Trade,33.97269940376282,0,2,5.378586343819831,8,56,15
Trade,34.60283541679382,0,2,6.173390754463921,9,8,15
Trade,35.563409090042114,0,2,1.1,9,9,15
Trade,35.7833685874939,0,2,3.1,4,9,15
Trade,36.52746295928955,0,2,1.2000000000000002,4,55,15
Trade,38.12296772003174,0,2,1.1,8,4,15
Trade,38.69988298416138,0,2,1.1,9,8,15
Trade,39.606879472732544,0,2,1.1,8,8,15
Trade,39.96296143531799,0,2,1.1,9,55,15
Trade,39.982213258743286,0,2,1.2000000000000002,4,58,15
Trade,41.08117651939392,0,2,1.1,9,9,15
Trade,41.11021280288696,0,2,1.1,4,9,15
Trade,41.15843367576599,0,2,1.2000000000000002,9,55,15
Trade,41.18713307380676,0,2,1.2000000000000002,8,57,15
Trade,43.53301930427551,0,2,1.1,8,8,15
Trade,45.61373949050903,0,2,3.1,4,9,15
Trade,47.001941204071045,0,2,1.1,8,8,15
Trade,47.003153562545776,0,2,1.1,4,9,15
Trade,47.00342631340027,0,2,1.1,9,58,15
Trade,47.0307080745697,0,2,6.755427809169666,54,8,15
Trade,47.049307346343994,0,2,5.278586343819831,9,55,15
Trade,47.049800157547,0,2,5.278586343819831,4,56,15
Trade,47.05014729499817,0,2,5.278586343819831,8,57,15
Trade,47.05048418045044,0,2,1.2000000000000002,32,58,15
Trade,47.05058407783508,0,2,1.2000000000000002,36,59,15
Trade,47.05066728591919,0,2,1.1,34,54,15
Trade,47.05078125,0,2,1.1,39,4,15
Trade,47.050883769989014,0,2,1.1,38,53,15
Trade,47.051018953323364,0,2,1.1,31,55,15
Trade,47.0515673160553,0,2,1.1,30,56,15
Trade,47.051743507385254,0,2,1.1,37,57,15
Trade,47.05214047431946,0,2,1.1,33,55,15
Trade,47.0522997379303,0,2,1.1,35,59,15
Trade,47.05254650115967,0,2,5.278586343819831,8,58,15
Trade,47.05476117134094,0,2,5.378586343819831,9,58,15
Trade,47.06938815116882,0,2,5.278586343819831,9,4,15
Trade,47.085055351257324,0,2,5.278586343819831,9,9,15
Trade,47.08936858177185,0,2,6.278586343819831,8,4,15
Trade,47.091163873672485,0,2,5.378586343819831,4,57,15
Trade,47.092138051986694,0,2,5.378586343819831,8,59,15
Trade,47.092286825180054,0,2,5.378586343819831,4,55,15
Trade,47.092567443847656,0,2,5.378586343819831,8,58,15
Trade,47.093039751052856,0,2,5.378586343819831,4,56,15
Trade,47.09648394584656,0,2,4.0305769620630905,8,9,15
Trade,47.108333349227905,0,2,6.278586343819831,9,8,15
Trade,47.119630575180054,0,2,4.173390754463921,4,4,15
Trade,47.11974358558655,0,2,6.427079215023581,9,9,15
Trade,47.12066292762756,0,2,4.173390754463921,9,9,15
Trade,47.12236952781677,0,2,6.780099198675055,51,8,15
Trade,47.12278699874878,0,2,7.098891265459763,54,8,15
Trade,47.12302851676941,0,2,5.780099198675055,36,9,15
Trade,47.123108863830566,0,2,5.780099198675055,38,4,15
Trade,47.12320399284363,0,2,3.378586343819831,39,57,15
Trade,47.12337374687195,0,2,3.378586343819831,32,58,15
Trade,47.12345314025879,0,2,3.378586343819831,33,55,15
Trade,47.1235466003418,0,2,3.378586343819831,37,59,15
Trade,47.12362480163574,0,2,3.378586343819831,34,56,15
Trade,47.123746395111084,0,2,1.1,30,53,15
Trade,47.12680745124817,0,2,1.1,35,9,15
Trade,47.134011030197144,0,2,1.1,31,8,15
Trade,47.1342294216156,0,2,4.173390754463921,4,8,15
Trade,47.14203453063965,0,2,1.2000000000000002,8,56,15
Trade,47.14215159416199,0,2,1.2000000000000002,9,8,15
Trade,47.142502784729004,0,2,1.2000000000000002,4,55,15
Trade,47.143126249313354,0,2,7.713861146971771,52,9,15
Trade,47.1460919380188,0,2,5.780099198675055,4,8,15
Trade,47.1479012966156,0,2,7.780099198675055,4,9,15
Trade,47.15356230735779,0,2,3.1,4,8,15
Trade,47.15425443649292,0,2,3.1,9,4,15
Trade,47.15511465072632,0,2,3.1,8,8,15
Trade,47.15561509132385,0,2,5.780099198675055,31,8,15
Trade,47.155694007873535,0,2,4.273390754463921,30,59,15
Trade,47.15584683418274,0,2,4.273390754463921,34,56,15
Trade,47.15598225593567,0,2,4.273390754463921,37,55,15
Trade,47.156935930252075,0,2,4.273390754463921,32,58,15
Trade,47.15701746940613,0,2,4.273390754463921,35,57,15
Trade,47.157644748687744,0,2,1.1,36,9,15
Trade,47.1583206653595,0,2,1.1,39,8,15
Trade,47.15914487838745,0,2,1.1,33,9,15
Trade,47.15990591049194,0,2,1.1,38,8,15
Trade,47.17281436920166,0,2,3.1,8,59,15
Trade,47.17332077026367,0,2,3.1,4,56,15
Trade,47.17354989051819,0,2,3.1,9,58,15
Trade,47.173877477645874,0,2,3.1,4,59,15
Trade,47.17439579963684,0,2,3.1,8,55,15
Trade,47.17465806007385,0,2,3.1,9,56,15
Trade,47.17662858963013,0,2,3.2,9,59,15
Trade,47.18238115310669,0,2,7.780099198675055,31,9,15
Trade,47.18247890472412,0,2,3.2,30,58,15
Trade,47.18259525299072,0,2,3.2,32,55,15
Trade,47.18268895149231,0,2,3.2,36,57,15
Trade,47.18284463882446,0,2,3.2,37,56,15
Trade,47.18294405937195,0,2,2.1,33,4,15
Trade,47.183083295822144,0,2,2.1,34,8,15
Trade,47.18316030502319,0,2,2.1,39,4,15
Trade,47.184452056884766,0,2,1.1,38,9,15
Trade,47.19286823272705,0,2,1.1,35,8,15
Trade,47.19732475280762,0,2,1.2000000000000002,4,9,15
Trade,47.20183753967285,0,2,2.1,4,8,15
Trade,47.206318378448486,0,2,1.2000000000000002,9,8,15
Trade,47.212525844573975,0,2,3.1,8,9,15
Trade,47.214391231536865,0,2,7.780099198675055,33,4,15
Trade,47.214484214782715,0,2,5.780099198675055,34,9,15
Trade,47.21481943130493,0,2,1.1,37,56,15
Trade,47.215301752090454,0,2,1.1,39,56,15
Trade,47.21755266189575,0,2,1.1,36,56,15
Trade,47.2176411151886,0,2,1.1,38,57,15
Trade,47.21772027015686,0,2,1.1,30,58,15
Trade,47.21798086166382,0,2,1.1,35,8,15
Trade,47.218295097351074,0,2,1.1,31,58,15
Trade,47.21843385696411,0,2,1.1,32,57,15
Trade,47.219170570373535,0,2,3.1,9,59,15
Trade,47.21970796585083,0,2,3.1,4,55,15
Trade,47.22163367271423,0,2,3.2,4,58,15
Trade,47.22178554534912,0,2,3.2,9,57,15
Trade,47.22196865081787,0,2,3.1,8,59,15
Trade,47.22301769256592,0,2,3.2,9,55,15
Trade,47.23078179359436,0,2,7.780099198675055,9,8,15
Trade,47.23611569404602,0,2,5.780099198675055,39,4,15
Trade,47.236194372177124,0,2,5.780099198675055,36,9,15
Trade,47.23948860168457,0,2,1.1,33,4,15
Trade,47.24702835083008,0,2,1.1,34,9,15
Trade,47.248040199279785,0,2,1.1,32,9,15
Trade,47.248867988586426,0,2,1.1,38,55,15
Trade,47.249611139297485,0,2,1.1,35,55,15
Trade,47.25239562988281,0,2,1.1,30,59,15
Trade,47.25269269943237,0,2,1.1,31,58,15
Trade,47.252798318862915,0,2,1.1,37,56,15
Trade,47.25332474708557,0,2,3.1,4,55,15
Trade,47.25404691696167,0,2,3.2,8,59,15
Trade,47.25418162345886,0,2,3.2,8,58,15
Trade,47.25551962852478,0,2,3.2,8,56,15
Trade,47.256308794021606,0,2,3.2,4,55,15
Trade,47.257259368896484,0,2,3.2,8,59,15
Trade,47.26157569885254,0,2,7.780099198675055,8,4,15
Trade,47.26207637786865,0,2,3.2,4,57,15
Trade,47.274049282073975,0,2,1.1,8,8,15
Trade,47.27482461929321,0,2,1.1,8,9,15
Trade,47.28108525276184,0,2,1.1,8,4,15
Trade,47.290878772735596,0,2,3.1,8,9,15
Trade,47.29216504096985,0,2,7.780099198675055,39,9,15
Trade,47.292248249053955,0,2,5.780099198675055,38,8,15
Trade,47.29232716560364,0,2,1.2000000000000002,32,58,15
Trade,47.292465686798096,0,2,1.2000000000000002,33,57,15
Trade,47.29254150390625,0,2,1.2000000000000002,37,59,15
Trade,47.29261612892151,0,2,1.2000000000000002,36,55,15
Trade,47.292736768722534,0,2,1.2000000000000002,31,56,15
Trade,47.29506278038025,0,2,1.1,35,8,15
Trade,47.29921793937683,0,2,1.1,34,4,15
Trade,47.30383825302124,0,2,1.1,30,4,15
Trade,47.31305980682373,0,2,3.1,9,55,15
Trade,47.31340169906616,0,2,3.1,8,58,15
Trade,47.31390047073364,0,2,3.1,9,55,15
Trade,47.31479096412659,0,2,3.2,8,59,15
Trade,47.3161256313324,0,2,3.2,52,58,15
Trade,47.32027626037598,0,2,5.780099198675055,33,9,15
Trade,47.32036328315735,0,2,5.780099198675055,38,4,15
Trade,47.32055068016052,0,2,3.2,37,56,15
Trade,47.32064485549927,0,2,3.2,31,59,15
Trade,47.32074046134949,0,2,3.2,36,57,15
Trade,47.32083010673523,0,2,3.2,32,55,15
Trade,47.32090520858765,0,2,2.1,35,8,15
Trade,47.32165169715881,0,2,1.1,33,9,15
Trade,47.356443881988525,0,2,1.1,31,9,15
Trade,47.67448973655701,0,2,1.1,34,4,15
Trade,47.78135299682617,0,2,1.1,36,9,15
Trade,47.85087037086487,0,2,1.1,30,4,15
Trade,47.876816272735596,0,2,1.1,37,4,15
Trade,47.96138000488281,0,2,1.1,32,8,15
Trade,47.99738788604736,0,2,1.1,39,9,15
Trade,48.06008458137512,0,2,1.1,38,8,15
Trade,48.360366344451904,0,2,1.1,33,8,15
Trade,48.41645884513855,0,2,1.1,35,8,15
Trade,48.43136024475098,0,2,2.7455229277644015,51,8,15
Trade,48.4515266418457,0,2,1.4938339206954074,50,9,15
Trade,48.7232403755188,0,2,1.1,4,8,15
Trade,48.73162603378296,0,2,1.1,31,8,15
Trade,48.74473834037781,0,2,1.1,32,4,15
Trade,48.82841968536377,0,2,1.1,34,59,15
Trade,48.84638285636902,0,2,1.1,36,57,15
Trade,48.8878173828125,0,2,1.1,35,55,15
Trade,48.93468427658081,0,2,1.1,37,59,15
Trade,48.936094760894775,0,2,1.1,38,57,15
Trade,48.95125913619995,0,2,1.1,33,58,15
Trade,48.951364040374756,0,2,1.1,39,55,15
Trade,48.97952938079834,0,2,1.1,30,56,15
Trade,49.00733470916748,0,2,1.4938339206954074,50,59,15
Trade,49.00913047790527,0,2,2.475091163065566,53,57,15
Trade,49.91399097442627,0,2,2.1,50,58,15
Trade,49.9301700592041,0,2,2.1,50,55,15
Trade,49.95609426498413,0,2,2.1,50,56,15
Trade,49.970744132995605,0,2,2.1,50,59,15
Trade,53.18545651435852,0,2,2.1,54,57,15
Trade,0.295290470123291,0,3,3.7718399698964142,3,50,15
Trade,0.30825185775756836,0,3,3.7718399698964142,3,50,15
Trade,0.4482870101928711,0,3,3.9000000000000004,3,5,15
Trade,0.5090136528015137,0,3,4.9,52,3,15
Trade,0.5259511470794678,0,3,3.7718399698964142,3,50,15
Trade,0.5829112529754639,0,3,3.7718399698964142,5,50,15
Trade,0.814279317855835,0,3,4.9,51,5,15
Trade,0.8273348808288574,0,3,3.7718399698964142,5,50,15
Trade,0.8712007999420166,0,3,4.9,53,5,15
Trade,1.3717668056488037,0,3,3.762534855856166,3,5,15
Trade,1.372063398361206,0,3,3.762534855856166,5,51,15
Trade,1.5070557594299316,0,3,2.9671357447034308,5,50,15
Trade,1.5261180400848389,0,3,2.968236824867837,5,50,15
Trade,2.2485764026641846,0,3,2.960885155410886,3,5,15
Trade,2.295830249786377,0,3,2.1420377714864074,3,50,15
Trade,2.338838577270508,0,3,2.9612550486978604,5,3,15
Trade,2.3783929347991943,0,3,3.8806601419417683,52,3,15
Trade,2.6460437774658203,0,3,4.762534855856166,51,5,15
Trade,4.332712173461914,0,3,4.886728462992186,5,3,15
Trade,4.333233594894409,0,3,4.886728462992186,3,53,15
Trade,4.437983274459839,0,3,3.8298566267123495,3,50,15
Trade,4.532414197921753,0,3,4.962177149664986,53,3,15
Trade,4.6086273193359375,0,3,5.482315773745201,51,3,15
Trade,4.723402500152588,0,3,4.291766324661942,5,50,15
Trade,4.743302345275879,0,3,4.294549116652324,5,50,15
Trade,4.878702878952026,0,3,5.5427185196126665,51,3,15
Trade,5.934777021408081,0,3,4.550080951435673,3,5,15
Trade,5.944765567779541,0,3,4.550080951435673,5,51,15
Trade,6.3410608768463135,0,3,5.596607804126478,27,3,15
Trade,6.397655010223389,0,3,4.496607804126478,24,5,15
Trade,7.320290565490723,0,3,4.596607804126478,3,3,15
Trade,7.610472679138184,0,3,3.696607804126478,5,56,15
Trade,7.6130499839782715,0,3,4.396607804126479,22,55,15
Trade,7.660295724868774,0,3,4.496607804126478,29,56,15
Trade,7.683963060379028,0,3,3.696607804126478,3,55,15
Trade,7.713208198547363,0,3,4.496607804126478,20,56,15
Trade,7.729421615600586,0,3,3.438360354024595,3,50,15
Trade,7.7311692237854,0,3,4.496607804126478,26,5,15
Trade,7.732919216156006,0,3,4.949783409042139,52,55,15
Trade,7.794058084487915,0,3,5.1274751704730885,54,55,15
Trade,7.807995796203613,0,3,5.596607804126478,51,5,15
Trade,8.563907623291016,0,3,4.181389653002405,53,3,15
Trade,8.605726957321167,0,3,4.184764649950424,53,3,15
Trade,8.675151824951172,0,3,4.191440257727177,53,3,15
Trade,8.824418306350708,0,3,3.1796945930650313,5,3,15
Trade,9.040420770645142,0,3,4.22384285643847,53,3,15
Trade,9.05701994895935,0,3,3.7569247822496514,5,50,15
Trade,9.135019302368164,0,3,4.232005536670747,53,3,15
Trade,9.278898239135742,0,3,4.239597376272741,53,5,15
Trade,9.299590110778809,0,3,4.240805663108347,53,5,15
Trade,9.458907127380371,0,3,4.245474105954454,53,3,15
Trade,9.656151294708252,0,3,4.9,23,3,15
Trade,9.721930503845215,0,3,3.8806662781205397,3,50,15
Trade,9.903948068618774,0,3,5.307305853565573,52,5,15
Trade,9.917056560516357,0,3,3.8777586750404422,5,50,15
Trade,10.75819206237793,0,3,4.306723575995635,3,5,15
Trade,10.77582859992981,0,3,5.304561351144526,52,5,15
Trade,10.826984167098999,0,3,5.208623745936191,54,3,15
Trade,10.948933362960815,0,3,5.206675009900275,54,5,15
Trade,11.018698453903198,0,3,4.206675009900275,3,5,15
Trade,11.196063995361328,0,3,4.206675009900275,5,3,15
Trade,11.246187448501587,0,3,3.878023018930193,5,50,15
Trade,11.504647731781006,0,3,5.2006354989533286,54,3,15
Trade,11.589707612991333,0,3,5.369720508875588,52,3,15
Trade,11.816601753234863,0,3,5.367759462851543,52,55,15
Trade,11.845577001571655,0,3,5.3675142528691655,52,5,15
Trade,11.964857816696167,0,3,4.406723575995635,5,56,15
Trade,11.973856687545776,0,3,5.366558824093718,52,3,15
Trade,12.00838327407837,0,3,5.366466029271598,52,5,15
Trade,12.072790384292603,0,3,4.406723575995635,3,55,15
Trade,12.283520460128784,0,3,5.365329822327643,52,5,15
Trade,12.40272307395935,0,3,5.364985662646047,52,3,15
Trade,13.842873096466064,0,3,4.264736846689854,54,3,15
Trade,13.849132299423218,0,3,4.264736846689854,54,5,15
Trade,13.85449481010437,0,3,4.038070313142198,54,50,15
Trade,13.857903003692627,0,3,4.364933306345012,5,55,15
Trade,13.868524551391602,0,3,4.014830091270679,54,50,15
Trade,13.878973484039307,0,3,4.014833516690995,54,50,15
Trade,13.890564918518066,0,3,4.464933306345012,54,55,15
Trade,13.901721477508545,0,3,4.014843289670699,54,50,15
Trade,13.912842750549316,0,3,3.6920387723095467,54,50,15
Trade,13.92257046699524,0,3,3.692031748193711,54,50,15
Trade,13.933579444885254,0,3,3.692018219262558,54,50,15
Trade,13.938370704650879,0,3,5.164736846689855,28,3,15
Trade,13.942989110946655,0,3,3.692011705827919,54,50,15
Trade,13.94923186302185,0,3,3.6920053541822835,54,55,15
Trade,13.958732843399048,0,3,4.014858022479593,54,50,15
Trade,13.973814249038696,0,3,4.0148607528930516,54,50,15
Trade,14.003176212310791,0,3,4.464933306345012,3,55,15
Trade,14.0107901096344,0,3,4.464933306345012,54,56,15
Trade,14.061176300048828,0,3,4.014868543629106,54,50,15
Trade,14.077250242233276,0,3,3.6919758848389215,54,50,15
Trade,14.089261054992676,0,3,4.464933306345012,54,56,15
Trade,14.092384815216064,0,3,4.014873420152273,5,50,15
Trade,14.105471134185791,0,3,4.014875767942694,54,50,15
Trade,14.119390726089478,0,3,4.014878057424031,54,50,15
Trade,14.124110460281372,0,3,5.264736846689854,25,3,15
Trade,14.145224809646606,0,3,4.102029629723671,54,50,15
Trade,14.15743350982666,0,3,4.464933306345012,54,56,15
Trade,14.19068717956543,0,3,3.691945077887352,54,50,15
Trade,14.199987888336182,0,3,4.464933306345012,54,56,15
Trade,14.224422454833984,0,3,4.102035842374418,54,50,15
Trade,14.239952325820923,0,3,3.691931330364531,54,50,15
Trade,14.250627040863037,0,3,4.102039731430521,54,50,15
Trade,14.264571905136108,0,3,3.691922724049094,54,50,15
Trade,14.271246194839478,0,3,1.8726176217675,5,54,15
Trade,14.286182880401611,0,3,3.691918580227102,54,50,15
Trade,14.292256116867065,0,3,1.1,5,52,15
Trade,14.30791425704956,0,3,5.364736846689854,52,3,15
Trade,14.315523862838745,0,3,4.102045210631673,54,50,15
Trade,14.339151859283447,0,3,4.18506086033849,54,50,15
Trade,14.360957860946655,0,3,4.185064205338142,54,50,15
Trade,14.38595724105835,0,3,4.185050423880909,54,50,15
Trade,14.398515701293945,0,3,4.185044583784798,54,50,15
Trade,14.438183069229126,0,3,4.459951462559761,54,3,15
Trade,14.451179027557373,0,3,4.185031841072519,54,50,15
Trade,15.620252132415771,0,3,2.4035885962714865,3,50,15
Trade,16.340745449066162,0,3,3.591873187786753,21,5,15
Trade,16.832989931106567,0,3,2.591873187786753,3,55,15
Trade,17.015265226364136,0,3,3.691873187786753,54,3,15
Trade,17.242328643798828,0,3,4.6918731877867526,3,5,15
Trade,20.403645038604736,0,3,2.7442115081628797,3,3,15
Trade,23.511667251586914,0,3,4.157180474366542,54,58,15
Trade,23.538939952850342,0,3,4.157180466823528,54,56,15
Trade,23.545740127563477,0,3,5.447763783193857,52,57,15
Trade,23.621367931365967,0,3,4.157180456193172,54,58,15
Trade,23.63588857650757,0,3,5.774419930224229,51,59,15
Trade,23.664941549301147,0,3,4.157180452823247,54,55,15
Trade,23.67285966873169,0,3,6.344482061228005,53,56,15
Trade,23.69404888153076,0,3,4.157180449536531,54,57,15
Trade,23.756973028182983,0,3,4.157180443204555,54,58,15
Trade,23.783276081085205,0,3,6.459943576203273,3,59,15
Trade,23.79511785507202,0,3,4.157180440155338,54,56,15
Trade,23.82008409500122,0,3,6.559943576203272,54,55,15
Trade,23.855223417282104,0,3,6.559943576203272,54,57,15
Trade,23.935384035110474,0,3,6.559943576203272,54,56,15
Trade,23.974957704544067,0,3,6.559943576203272,54,55,15
Trade,24.000263452529907,0,3,6.559943576203272,54,58,15
Trade,24.027973175048828,0,3,6.559943576203272,54,59,15
Trade,24.053001165390015,0,3,6.559943576203272,54,57,15
Trade,24.055656909942627,0,3,6.559943576203272,5,56,15
Trade,24.097975492477417,0,3,6.559943576203272,54,55,15
Trade,24.10895609855652,0,3,6.559943576203272,54,59,15
Trade,24.141250371932983,0,3,6.559943576203272,54,57,15
Trade,24.171663284301758,0,3,6.559943576203272,54,55,15
Trade,24.21280527114868,0,3,6.559943576203272,54,59,15
Trade,24.33766746520996,0,3,4.1571803946118,54,3,15
Trade,24.431253671646118,0,3,4.01822287292012,5,50,15
Trade,24.467579126358032,0,3,4.157180381034015,54,3,15
Trade,27.85125970840454,0,3,3.7442115081628797,5,3,15
Trade,27.85438847541809,0,3,3.7442115081628797,3,52,15
Trade,27.952475547790527,0,3,3.941849317419126,5,50,15
Trade,31.695762157440186,0,3,3.7442115081628797,3,5,15
Trade,31.719894647598267,0,3,3.7442115081628797,5,50,15
Trade,31.92420721054077,0,3,3.84421150816288,3,56,15
Trade,32.17137289047241,0,3,4.090805658186293,3,50,15
Trade,32.29407334327698,0,3,6.105430833839068,54,5,15
Trade,33.40283942222595,0,3,6.559943576203272,3,58,15
Trade,33.67092561721802,0,3,5.459943576203273,3,5,15
Trade,33.968958377838135,0,3,6.559943576203272,5,55,15
Trade,34.36146903038025,0,3,4.018222869809427,3,50,15
Trade,34.66520047187805,0,3,4.018222873857558,5,50,15
Trade,34.724515199661255,0,3,4.018221380500186,5,50,15
Trade,34.73989701271057,0,3,6.613037431442214,51,5,15
Trade,35.14021325111389,0,3,4.913031757110024,5,3,15
Trade,35.243075370788574,0,3,6.120761341713832,54,3,15
Trade,39.91949105262756,0,3,4.447763783193857,5,55,15
Trade,39.946258544921875,0,3,4.447763783193857,3,56,15
Trade,40.39903426170349,0,3,4.547763783193856,5,57,15
Trade,41.91266679763794,0,3,4.547763783193856,5,59,15
Trade,42.25257325172424,0,3,4.547763783193856,3,58,15
Trade,43.68792724609375,0,3,4.547763783193856,5,55,15
Trade,43.94193196296692,0,3,4.547763783193856,5,56,15
Trade,45.41621994972229,0,3,4.74421150816288,3,5,15
Trade,45.77111268043518,0,3,4.547763783193856,5,57,15
Trade,47.003071546554565,0,3,3.941849317419126,3,58,15
Trade,47.003689765930176,0,3,4.547763783193856,3,55,15
Trade,47.025278091430664,0,3,6.120655872389651,54,3,15
Trade,47.0265736579895,0,3,7.03097801198681,52,5,15
Trade,47.026660203933716,0,3,4.547763783193856,3,57,15
Trade,47.027376890182495,0,3,4.547763783193856,3,58,15
Trade,47.02823305130005,0,3,5.105430833839068,3,5,15
Trade,47.04258990287781,0,3,4.447763783193857,3,3,15
Trade,47.053189754486084,0,3,6.547763783193856,3,59,15
Trade,47.06043338775635,0,3,4.547763783193856,5,56,15
Trade,47.0662841796875,0,3,4.74421150816288,3,5,15
Trade,47.08004832267761,0,3,7.105430833839068,5,3,15
Trade,47.081860065460205,0,3,4.547763783193856,3,57,15
Trade,47.089497327804565,0,3,4.090805658186293,3,5,15
Trade,47.10027551651001,0,3,5.459943576203273,3,5,15
Trade,47.10046076774597,0,3,5.459943576203273,5,51,15
Trade,47.10480308532715,0,3,7.517512490499845,54,5,15
Trade,47.11219787597656,0,3,5.559943576203272,5,3,15
Trade,47.1123468875885,0,3,4.688310208077311,3,50,15
Trade,47.12227940559387,0,3,8.713360288030884,5,5,15
Trade,47.12446928024292,0,3,6.71355346904893,5,3,15
Trade,47.1328821182251,0,3,4.128923387714176,5,5,15
Trade,47.140745878219604,0,3,5.559943576203272,5,58,15
Trade,47.15737462043762,0,3,3.691873187786753,3,5,15
Trade,47.162007331848145,0,3,3.691873187786753,5,5,15
Trade,47.16603422164917,0,3,5.447763783193857,5,3,15
Trade,47.16659951210022,0,3,5.447763783193857,3,5,15
Trade,47.17224311828613,0,3,4.268426198190555,3,56,15
Trade,47.181583642959595,0,3,5.447763783193857,3,5,15
Trade,47.18228530883789,0,3,4.212030362096067,3,50,15
Trade,47.18365526199341,0,3,3.791873187786753,5,57,15
Trade,47.18463969230652,0,3,3.791873187786753,3,55,15
Trade,47.21180176734924,0,3,5.120655872389651,5,3,15
Trade,47.2576117515564,0,3,4.547763783193856,5,5,15
Trade,47.25769519805908,0,3,4.547763783193856,3,51,15
Trade,47.27803921699524,0,3,4.547763783193856,5,3,15
Trade,47.30717730522156,0,3,7.120655872389651,3,5,15
Trade,47.309410095214844,0,3,7.120655872389651,5,3,15
Trade,47.315553426742554,0,3,3.691873187786753,3,3,15
Trade,47.31943726539612,0,3,4.647763783193856,52,58,15
Trade,47.319628953933716,0,3,7.510451011095892,52,50,15
Trade,47.319900035858154,0,3,8.313950554010336,52,50,15
Trade,47.32013416290283,0,3,4.647763783193856,52,59,15
Trade,47.321019887924194,0,3,8.71316486064596,52,50,15
Trade,47.32132577896118,0,3,8.71316486064596,52,50,15
Trade,47.3218035697937,0,3,7.120655872389651,5,50,15
Trade,47.32191491127014,0,3,5.547763783193856,52,3,15
Trade,47.322197675704956,0,3,23.36857719713045,52,50,15
Trade,47.3226215839386,0,3,17.849662925354416,52,54,15
Trade,47.32285737991333,0,3,23.368577199661136,52,50,15
Trade,47.33128356933594,0,3,23.368577199661136,52,50,15
Trade,47.346394777297974,0,3,23.368577199661136,52,50,15
Trade,47.36958694458008,0,3,17.849662925354416,52,54,15
Trade,47.39261341094971,0,3,23.368577199661136,52,50,15
Trade,47.42062544822693,0,3,23.368577199661136,52,50,15
Trade,47.43607950210571,0,3,17.849662925354416,52,54,15
Trade,47.455384969711304,0,3,23.368577199661136,52,50,15
Trade,47.47188425064087,0,3,23.368577199661136,52,50,15
Trade,47.51233410835266,0,3,23.368577199661136,52,50,15
Trade,47.524274826049805,0,3,23.368577199661136,52,50,15
Trade,47.537596464157104,0,3,20.0,52,3,15
Trade,47.53800988197327,0,3,20.0,5,50,15
Trade,47.553884983062744,0,3,17.849662925354416,52,54,15
Trade,47.59473276138306,0,3,23.368577199661136,5,50,15
Trade,47.594818115234375,0,3,17.849662925354416,52,54,15
Trade,47.61051869392395,0,3,12.001622734810137,52,51,15
Trade,47.62162709236145,0,3,23.368577199661136,52,50,15
Trade,47.6455934047699,0,3,17.849662925354416,52,54,15
Trade,47.67459058761597,0,3,23.368577199661136,52,50,15
Trade,47.68685531616211,0,3,17.849662925354416,52,54,15
Trade,47.698923110961914,0,3,23.368577199661136,52,50,15
Trade,47.77315402030945,0,3,17.849662925354416,52,54,15
Trade,47.813509464263916,0,3,23.368577199661136,53,50,15
Trade,47.819308042526245,0,3,4.3987393365507454,50,5,15
Trade,48.853630781173706,0,3,1.5295199046902028,53,59,15
Trade,48.869410037994385,0,3,10.142225780579784,3,57,15
Trade,48.905054330825806,0,3,10.142225780579784,5,55,15
Trade,52.13761067390442,0,3,23.468577199661137,54,56,15
Trade,52.18245220184326,0,3,23.468577199661137,54,59,15
Trade,52.25117087364197,0,3,23.468577199661137,50,57,15
Trade,52.367032527923584,0,3,23.468577199661137,52,58,15
Trade,52.45221161842346,0,3,23.468577199661137,52,55,15
Trade,52.50516486167908,0,3,23.368577199661136,52,50,15
Trade,52.58551907539368,0,3,23.368577199661136,52,50,15
Trade,52.633350133895874,0,3,23.368577199661136,52,50,15
Trade,52.66952919960022,0,3,17.849662925354416,53,54,15
Trade,52.68349814414978,0,3,23.368577199661136,52,50,15
Trade,52.724273681640625,0,3,23.368577199661136,52,50,15
Trade,52.72589993476868,0,3,17.849662925354416,53,54,15
Trade,52.778438091278076,0,3,23.368577199661136,52,50,15
Trade,52.80751585960388,0,3,17.849662925354416,52,54,15
Trade,52.85784554481506,0,3,23.368577199661136,52,50,15
Trade,52.889002084732056,0,3,23.368577199661136,52,50,15
Trade,52.94616746902466,0,3,23.368577199661136,52,50,15
Trade,52.977651596069336,0,3,23.368577199661136,52,50,15
Trade,53.013389587402344,0,3,23.368577199661136,52,50,15
Trade,53.0418701171875,0,3,23.368577199661136,52,50,15
Trade,53.09528613090515,0,3,23.368577199661136,52,50,15
Trade,53.1241512298584,0,3,17.849662925354416,52,54,15
Trade,53.15611672401428,0,3,23.36857719713045,52,50,15
Trade,53.18556523323059,0,3,17.849662925354416,52,54,15
Trade,53.21648287773132,0,3,23.513753635496293,52,50,15
Trade,53.25444173812866,0,3,17.849662925354416,52,54,15
Trade,53.28112816810608,0,3,17.849662923421395,52,54,15
Trade,53.30509400367737,0,3,12.001622734810137,52,51,15
Trade,53.36852478981018,0,3,12.001622734810137,52,51,15
Trade,53.4047110080719,0,3,17.960553307007583,52,54,15
Trade,53.48038959503174,0,3,12.001622734810137,52,51,15
Trade,53.58233189582825,0,3,10.142225780579784,52,53,15
Trade,53.68239140510559,0,3,10.142225780579784,52,53,15
Trade,53.72848343849182,0,3,4.4749030542259005,52,51,15
Trade,53.774651288986206,0,3,10.142225780579784,52,53,15
Trade,53.84525918960571,0,3,10.142225780579784,52,53,15
Trade,53.916877031326294,0,3,10.142225780579784,52,53,15
Trade,53.99300408363342,0,3,10.142225780579784,52,53,15
Trade,7.361272096633911,0,4,1.6818449235827786,50,29,15
Trade,7.378862142562866,0,4,1.7000000000000006,50,56,15
Trade,7.397797584533691,0,4,1.7000000000000006,50,20,15
Trade,7.416310787200928,0,4,1.7000000000000006,50,22,15
Trade,7.4301064014434814,0,4,1.7000000000000006,50,26,15
Trade,7.456384181976318,0,4,1.6951298355150217,50,55,15
Trade,8.378626585006714,0,4,1.2948247793884486,15,23,15
Trade,8.387956142425537,0,4,1.2000000000000002,16,24,15
Trade,8.421635389328003,0,4,1.1,10,27,15
Trade,8.423977136611938,0,4,1.1,16,54,15
Trade,8.478982925415039,0,4,1.1,15,56,15
Trade,8.482748031616211,0,4,1.1,16,55,15
Trade,8.60467791557312,0,4,1.1,10,56,15
Trade,8.637488842010498,0,4,1.1,16,55,15
Trade,8.734983921051025,0,4,1.1,15,56,15
Trade,8.780745267868042,0,4,1.1,10,55,15
Trade,8.85663366317749,0,4,1.1,16,56,15
Trade,8.919193029403687,0,4,1.1,15,55,15
Trade,9.027660846710205,0,4,1.1,10,56,15
Trade,9.028727531433105,0,4,1.1,16,55,15
Trade,9.222247123718262,0,4,1.1,15,55,15
Trade,9.233820676803589,0,4,1.1,10,56,15
Trade,9.374825716018677,0,4,1.1,16,56,15
Trade,9.422871351242065,0,4,1.1,15,55,15
Trade,10.847128868103027,0,4,1.1,10,55,15
Trade,10.906779289245605,0,4,1.1,11,56,15
Trade,11.12726378440857,0,4,1.1,16,55,15
Trade,11.142094850540161,0,4,1.1,15,56,15
Trade,11.37111210823059,0,4,1.1,14,55,15
Trade,11.388892650604248,0,4,1.1,12,56,15
Trade,11.545611381530762,0,4,1.1,19,55,15
Trade,12.569455623626709,0,4,1.1,56,25,15
Trade,12.570956945419312,0,4,1.3000000000000003,10,56,15
Trade,12.77476167678833,0,4,1.1,10,56,15
Trade,12.777743101119995,0,4,1.1,11,55,15
Trade,13.136439085006714,0,4,1.1,16,55,15
Trade,13.186310052871704,0,4,1.1,15,56,15
Trade,13.449609279632568,0,4,1.1,14,55,15
Trade,13.610889196395874,0,4,1.1,12,56,15
Trade,13.83377718925476,0,4,1.1,18,55,15
Trade,13.83699917793274,0,4,1.1,13,52,15
Trade,13.851281642913818,0,4,1.1,19,28,15
Trade,13.852904796600342,0,4,1.1,10,52,15
Trade,13.863871812820435,0,4,1.1,11,52,15
Trade,13.871671438217163,0,4,1.1,16,52,15
Trade,13.883599042892456,0,4,1.1,15,52,15
Trade,13.893690824508667,0,4,1.1,14,52,15
Trade,13.898623943328857,0,4,1.1,12,52,15
Trade,14.036417245864868,0,4,1.3000000000000003,37,56,15
Trade,14.625248670578003,0,4,1.1948247793884486,15,21,15
Trade,14.645841598510742,0,4,1.1,16,52,15
Trade,14.87748098373413,0,4,1.1,12,55,15
Trade,14.879345417022705,0,4,1.1,13,56,15
Trade,14.889829158782959,0,4,1.1,10,58,15
Trade,14.994952917098999,0,4,1.1,18,59,15
Trade,15.265472173690796,0,4,1.1,19,58,15
Trade,15.284266948699951,0,4,1.1,11,56,15
Trade,15.338947534561157,0,4,1.1,14,59,15
Trade,15.399659633636475,0,4,1.1,15,55,15
Trade,15.699390888214111,0,4,1.1,38,56,15
Trade,15.707395076751709,0,4,1.1,35,58,15
Trade,15.894624948501587,0,4,1.1,33,59,15
Trade,15.91956877708435,0,4,1.1,39,55,15
Trade,16.049761056900024,0,4,1.1,32,58,15
Trade,16.086997270584106,0,4,1.1,34,56,15
Trade,16.20674729347229,0,4,1.1,30,55,15
Trade,16.285510540008545,0,4,1.1,36,59,15
Trade,16.36367964744568,0,4,1.1,31,58,15
Trade,16.532644987106323,0,4,1.1,16,55,15
Trade,16.54070544242859,0,4,1.1,12,56,15
Trade,16.614242792129517,0,4,1.1,10,58,15
Trade,16.7440664768219,0,4,1.1,13,59,15
Trade,17.350548028945923,0,4,1.1,18,51,15
Trade,17.381853342056274,0,4,1.1,19,51,15
Trade,17.474451065063477,0,4,1.1,11,51,15
Trade,17.513928651809692,0,4,1.1,14,51,15
Trade,17.554657220840454,0,4,1.1,15,51,15
Trade,17.58910083770752,0,4,1.1,37,51,15
Trade,17.653156757354736,0,4,1.1,30,51,15
Trade,17.68394684791565,0,4,1.1,34,51,15
Trade,17.712819814682007,0,4,1.1,33,51,15
Trade,17.75338840484619,0,4,1.1,39,51,15
Trade,17.807801485061646,0,4,1.1,38,51,15
Trade,17.878822803497314,0,4,1.1,35,51,15
Trade,17.90557861328125,0,4,1.1,36,51,15
Trade,17.94727635383606,0,4,1.1,31,56,15
Trade,17.967190742492676,0,4,1.1,32,51,15
Trade,17.99259090423584,0,4,1.1,17,51,15
Trade,18.001696825027466,0,4,1.1,12,57,15
Trade,18.00373649597168,0,4,1.1,16,58,15
Trade,18.010122537612915,0,4,1.1,10,51,15
Trade,18.026117086410522,0,4,1.1,18,51,15
Trade,18.053956270217896,0,4,1.1,13,59,15
Trade,18.066202640533447,0,4,1.1,19,55,15
Trade,18.08866858482361,0,4,1.1,11,51,15
Trade,18.121312379837036,0,4,1.1,14,51,15
Trade,18.14812660217285,0,4,1.1,15,51,15
Trade,18.20273733139038,0,4,1.1,12,51,15
Trade,18.240592002868652,0,4,1.1,16,51,15
Trade,18.281444787979126,0,4,1.1,10,51,15
Trade,18.310587406158447,0,4,1.1,17,51,15
Trade,18.36435842514038,0,4,1.1,18,51,15
Trade,18.386732578277588,0,4,1.1,13,51,15
Trade,18.458150625228882,0,4,1.1,19,51,15
Trade,18.466991662979126,0,4,1.1,11,56,15
Trade,18.487724781036377,0,4,1.1,14,51,15
Trade,18.489807844161987,0,4,1.1,15,59,15
Trade,18.522467374801636,0,4,1.1,12,58,15
Trade,18.526984691619873,0,4,1.1,16,57,15
Trade,18.555431365966797,0,4,1.1,10,51,15
Trade,18.56985855102539,0,4,1.1,17,51,15
Trade,18.602985620498657,0,4,1.1,18,51,15
Trade,18.619929313659668,0,4,1.1,13,51,15
Trade,18.66450595855713,0,4,1.1,19,51,15
Trade,18.752047061920166,0,4,1.1,11,51,15
Trade,18.754185438156128,0,4,1.1,14,55,15
Trade,18.780137538909912,0,4,1.1,15,51,15
Trade,18.81941866874695,0,4,1.1,16,51,15
Trade,18.93207859992981,0,4,1.1,12,51,15
Trade,18.95592212677002,0,4,1.1,10,51,15
Trade,18.98646831512451,0,4,1.1,17,51,15
Trade,18.990793704986572,0,4,1.1,18,56,15
Trade,19.02279543876648,0,4,1.1,13,57,15
Trade,19.029956102371216,0,4,1.1,19,51,15
Trade,19.06995439529419,0,4,1.1,36,59,15
Trade,19.078017711639404,0,4,1.1,32,51,15
Trade,19.114885091781616,0,4,1.1,30,51,15
Trade,19.187838554382324,0,4,1.1,34,58,15
Trade,19.192203760147095,0,4,1.1,31,51,15
Trade,19.239441633224487,0,4,1.1,33,51,15
Trade,19.299392461776733,0,4,1.1,38,55,15
Trade,19.301559448242188,0,4,1.1,39,51,15
Trade,19.331140995025635,0,4,1.1,37,51,15
Trade,19.366909742355347,0,4,1.1,11,51,15
Trade,19.392548084259033,0,4,1.1,14,51,15
Trade,19.434723138809204,0,4,1.1,15,51,15
Trade,19.480576753616333,0,4,1.1,35,51,15
Trade,19.492320775985718,0,4,1.1,16,51,15
Trade,19.538734436035156,0,4,1.1,12,51,15
Trade,19.581494331359863,0,4,1.1,10,51,15
Trade,19.622320890426636,0,4,1.1,17,56,15
Trade,19.625670909881592,0,4,1.1,13,57,15
Trade,19.641437292099,0,4,1.1,19,59,15
Trade,19.669829845428467,0,4,1.1,18,58,15
Trade,19.75477623939514,0,4,1.1,11,55,15
Trade,21.19141912460327,0,4,1.1,14,59,15
Trade,21.22977924346924,0,4,1.1,15,57,15
Trade,21.342448949813843,0,4,1.1,16,56,15
Trade,21.391875982284546,0,4,1.1,12,55,15
Trade,21.464368104934692,0,4,1.1,18,58,15
Trade,21.771623373031616,0,4,1.1,17,59,15
Trade,21.910431623458862,0,4,1.1,10,57,15
Trade,22.012771129608154,0,4,1.1,11,56,15
Trade,22.153408527374268,0,4,1.1,19,55,15
Trade,22.25325107574463,0,4,1.1,13,58,15
Trade,22.366583108901978,0,4,1.1,15,59,15
Trade,22.511699438095093,0,4,1.1,14,56,15
Trade,22.57851505279541,0,4,1.1,16,57,15
Trade,22.647825002670288,0,4,1.1,12,55,15
Trade,22.88938307762146,0,4,1.1,18,58,15
Trade,22.993713855743408,0,4,1.1,17,56,15
Trade,23.044683933258057,0,4,1.1,10,57,15
Trade,23.15554189682007,0,4,1.1,11,59,15
Trade,23.20878839492798,0,4,1.1,19,55,15
Trade,23.49317693710327,0,4,1.1,39,58,15
Trade,23.502346515655518,0,4,1.1,38,56,15
Trade,23.52081608772278,0,4,1.1,32,57,15
Trade,23.614184141159058,0,4,1.1,35,59,15
Trade,23.629295825958252,0,4,1.1,30,55,15
Trade,24.890761375427246,0,4,1.1,37,58,15
Trade,25.0772705078125,0,4,1.1,33,57,15
Trade,25.08722686767578,0,4,1.1,36,56,15
Trade,25.25253701210022,0,4,1.1,31,59,15
Trade,25.334306240081787,0,4,1.1,34,55,15
Trade,25.601126670837402,0,4,1.1,13,58,15
Trade,25.676939249038696,0,4,1.1,15,57,15
Trade,25.74213171005249,0,4,1.1,14,56,15
Trade,25.943846464157104,0,4,1.1,16,55,15
Trade,26.001829862594604,0,4,1.1,12,59,15
Trade,26.21458387374878,0,4,1.1,18,57,15
Trade,26.25695300102234,0,4,1.1,17,58,15
Trade,26.506430864334106,0,4,1.1,10,56,15
Trade,26.552796125411987,0,4,1.1,11,55,15
Trade,26.68811798095703,0,4,1.1,19,57,15
Trade,26.70954942703247,0,4,1.1,13,59,15
Trade,26.86191177368164,0,4,1.1,15,58,15
Trade,27.28750729560852,0,4,1.1,14,56,15
Trade,27.35952377319336,0,4,1.1,16,57,15
Trade,27.458521842956543,0,4,1.1,12,59,15
Trade,27.49560523033142,0,4,1.1,18,55,15
Trade,27.680947065353394,0,4,1.1,17,58,15
Trade,27.90249466896057,0,4,1.1,10,56,15
Trade,28.005625247955322,0,4,1.1,11,57,15
Trade,28.065386295318604,0,4,1.1,19,55,15
Trade,28.134445190429688,0,4,1.1,13,59,15
Trade,28.216603994369507,0,4,1.1,15,58,15
Trade,29.970235586166382,0,4,1.1,14,56,15
Trade,30.0454683303833,0,4,1.1,16,59,15
Trade,30.05026078224182,0,4,1.1,12,58,15
Trade,30.115180730819702,0,4,1.1,18,55,15
Trade,30.12930989265442,0,4,1.1,17,57,15
Trade,30.57816982269287,0,4,1.1,11,59,15
Trade,30.630940437316895,0,4,1.1,19,56,15
Trade,30.634342670440674,0,4,1.1,15,57,15
Trade,30.851420402526855,0,4,1.1,10,55,15
Trade,30.901074647903442,0,4,1.1,13,58,15
Trade,31.45272159576416,0,4,1.1,14,56,15
Trade,31.509502172470093,0,4,1.1,12,59,15
Trade,31.67851161956787,0,4,1.1,16,58,15
Trade,31.70503854751587,0,4,1.1,18,57,15
Trade,31.77938437461853,0,4,1.1,17,55,15
Trade,32.43622183799744,0,4,1.1,11,56,15
Trade,32.44546890258789,0,4,1.1,19,57,15
Trade,32.62707471847534,0,4,1.1,15,59,15
Trade,32.847317934036255,0,4,1.1,10,58,15
Trade,33.06769132614136,0,4,1.1,13,55,15
Trade,33.321133852005005,0,4,1.1,14,57,15
Trade,33.3291130065918,0,4,1.1,12,58,15
Trade,33.48200011253357,0,4,1.1,16,59,15
Trade,33.485708475112915,0,4,1.1,18,56,15
Trade,33.91501045227051,0,4,1.1,17,55,15
Trade,35.90850830078125,0,4,1.1,19,58,15
Trade,36.19162607192993,0,4,1.1,11,56,15
Trade,36.56694936752319,0,4,1.1,15,57,15
Trade,36.58061385154724,0,4,1.1,10,59,15
Trade,36.63950181007385,0,4,1.1,13,55,15
Trade,37.093178510665894,0,4,1.1,41,58,15
Trade,37.23389172554016,0,4,1.1,49,56,15
Trade,37.85808610916138,0,4,1.1,17,55,15
Trade,37.87602734565735,0,4,1.1,16,57,15
Trade,37.914164781570435,0,4,1.1,18,59,15
Trade,38.39577341079712,0,4,1.1,12,58,15
Trade,38.76142954826355,0,4,1.1,14,56,15
Trade,39.000810623168945,0,4,1.1,19,57,15
Trade,39.094528675079346,0,4,1.1,11,59,15
Trade,39.1034734249115,0,4,1.1,15,55,15
Trade,39.233943939208984,0,4,1.1,10,58,15
Trade,39.864603757858276,0,4,1.1,13,55,15
Trade,39.898699045181274,0,4,1.1,16,56,15
Trade,40.04370880126953,0,4,1.1,18,57,15
Trade,40.23873233795166,0,4,1.1,17,59,15
Trade,40.24949073791504,0,4,1.1,12,58,15
Trade,43.35569167137146,0,4,1.1,14,55,15
Trade,43.45525813102722,0,4,1.1,19,57,15
Trade,43.52286672592163,0,4,1.1,15,59,15
Trade,43.60432410240173,0,4,1.1,11,56,15
Trade,43.74136757850647,0,4,1.1,10,58,15
Trade,44.45337438583374,0,4,1.1,17,59,15
Trade,44.67943096160889,0,4,1.1,12,55,15
Trade,44.84575843811035,0,4,1.1,18,57,15
Trade,45.0088849067688,0,4,1.1,40,56,15
Trade,45.57998538017273,0,4,1.1,13,58,15
Trade,45.608344316482544,0,4,1.1,16,59,15
Trade,46.02400302886963,0,4,1.1,14,55,15
Trade,46.0936324596405,0,4,1.1,19,57,15
Trade,47.001522064208984,0,4,1.1,15,59,15
Trade,47.00208497047424,0,4,1.1,11,56,15
Trade,47.002415895462036,0,4,1.1,10,55,15
Trade,47.00255513191223,0,4,1.1,17,58,15
Trade,47.00334143638611,0,4,1.1,12,57,15
Trade,47.02583932876587,0,4,1.1,18,59,15
Trade,47.026238679885864,0,4,1.1,13,56,15
Trade,47.0334358215332,0,4,1.1,16,57,15
Trade,47.03381705284119,0,4,1.1,19,58,15
Trade,47.03412485122681,0,4,1.1,14,56,15
Trade,47.03472924232483,0,4,1.1,15,59,15
Trade,47.034934997558594,0,4,1.1,11,55,15
Trade,47.03875732421875,0,4,1.1,10,58,15
Trade,47.03972125053406,0,4,1.1,17,57,15
Trade,47.04021859169006,0,4,1.1,12,56,15
Trade,47.04056739807129,0,4,1.1,13,55,15
Trade,47.04202938079834,0,4,1.1,18,59,15
Trade,47.04235816001892,0,4,1.1,16,58,15
Trade,47.044126987457275,0,4,1.1,19,55,15
Trade,47.04426050186157,0,4,1.1,14,57,15
Trade,47.044687271118164,0,4,1.1,11,56,15
Trade,47.04587435722351,0,4,1.1,15,58,15
Trade,47.04672932624817,0,4,1.1,10,59,15
Trade,47.04907965660095,0,4,1.1,17,55,15
Trade,47.04945087432861,0,4,1.1,12,56,15
Trade,47.04961705207825,0,4,1.1,13,57,15
Trade,47.05143594741821,0,4,1.1,18,59,15
Trade,47.0519700050354,0,4,1.1,16,58,15
Trade,47.06153750419617,0,4,1.1,19,57,15
Trade,47.061845541000366,0,4,1.1,14,58,15
Trade,47.061959743499756,0,4,1.1,11,55,15
Trade,47.06224727630615,0,4,1.1,15,59,15
Trade,47.062328815460205,0,4,1.1,10,56,15
Trade,47.06598496437073,0,4,1.1,13,55,15
Trade,47.066502809524536,0,4,1.1,12,58,15
Trade,47.066731214523315,0,4,1.1,18,57,15
Trade,47.06695222854614,0,4,1.1,16,59,15
Trade,47.06753182411194,0,4,1.1,44,56,15
Trade,47.06900429725647,0,4,1.1,17,55,15
Trade,47.07772636413574,0,4,1.1,19,57,15
Trade,47.077868938446045,0,4,1.1,14,58,15
Trade,47.07819890975952,0,4,1.1,11,59,15
Trade,47.078856229782104,0,4,1.1,10,56,15
Trade,47.08021903038025,0,4,1.1,15,55,15
Trade,47.08194041252136,0,4,1.1,31,57,15
Trade,47.0826370716095,0,4,1.1,36,59,15
Trade,47.082804441452026,0,4,1.1,34,58,15
Trade,47.083232402801514,0,4,1.1,30,55,15
Trade,47.08455419540405,0,4,1.1,35,56,15
Trade,47.08516073226929,0,4,1.1,39,57,15
Trade,47.08530831336975,0,4,1.1,32,59,15
Trade,47.08548617362976,0,4,1.1,38,55,15
Trade,47.085912466049194,0,4,1.1,33,58,15
Trade,47.09731698036194,0,4,1.1,37,57,15
Trade,47.097811222076416,0,4,1.1,13,56,15
Trade,47.10037922859192,0,4,1.1,18,55,15
Trade,47.101200342178345,0,4,1.1,16,59,15
Trade,47.10161638259888,0,4,1.1,12,58,15
Trade,47.10434007644653,0,4,1.1,17,59,15
Trade,47.10447025299072,0,4,1.1,19,57,15
Trade,47.10472321510315,0,4,1.1,14,56,15
Trade,47.10546159744263,0,4,1.1,11,55,15
Trade,47.10554528236389,0,4,1.1,10,58,15
Trade,47.107487201690674,0,4,1.1,15,57,15
Trade,47.108736753463745,0,4,1.1,45,55,15
Trade,47.108867168426514,0,4,1.1,48,59,15
Trade,47.10909724235535,0,4,1.1,13,56,15
Trade,47.109241008758545,0,4,1.1,18,58,15
Trade,47.112874031066895,0,4,1.1,16,57,15
Trade,47.113438844680786,0,4,1.1,12,59,15
Trade,47.113667726516724,0,4,1.1,17,56,15
Trade,47.11461305618286,0,4,1.1,19,58,15
Trade,47.11485028266907,0,4,1.1,14,55,15
Trade,47.11565136909485,0,4,1.1,10,59,15
Trade,47.11588907241821,0,4,1.1,11,57,15
Trade,47.116559743881226,0,4,1.1,15,56,15
Trade,47.128435373306274,0,4,1.1,18,57,15
Trade,47.12873554229736,0,4,1.1,13,56,15
Trade,47.129032611846924,0,4,1.1,16,59,15
Trade,47.129128217697144,0,4,1.1,12,55,15
Trade,47.1293363571167,0,4,1.1,17,58,15
Trade,47.13158178329468,0,4,1.1,43,59,15
Trade,47.13169455528259,0,4,1.1,14,55,15
Trade,47.1318199634552,0,4,1.1,19,57,15
Trade,47.13343596458435,0,4,1.1,10,56,15
Trade,47.13460659980774,0,4,1.1,15,58,15
Trade,47.1365864276886,0,4,1.1,11,57,15
Trade,47.13726782798767,0,4,1.1,18,55,15
Trade,47.13763666152954,0,4,1.1,13,56,15
Trade,47.137717962265015,0,4,1.1,16,59,15
Trade,47.139217138290405,0,4,1.1,12,58,15
Trade,47.14040684700012,0,4,1.1,17,57,15
Trade,47.14173150062561,0,4,1.1,19,56,15
Trade,47.141923904418945,0,4,1.1,14,55,15
Trade,47.14273977279663,0,4,1.1,31,59,15
Trade,47.143479347229004,0,4,1.1,37,58,15
Trade,47.144108295440674,0,4,1.1,38,57,15
Trade,47.15542030334473,0,4,1.1,35,55,15
Trade,47.15774059295654,0,4,1.1,39,56,15
Trade,47.158194065093994,0,4,1.1,36,57,15
Trade,47.15843486785889,0,4,1.1,33,58,15
Trade,47.159027099609375,0,4,1.1,30,59,15
Trade,47.16173219680786,0,4,1.1,34,56,15
Trade,47.162110328674316,0,4,1.1,32,55,15
Trade,47.16402983665466,0,4,1.1,10,57,15
Trade,47.16414666175842,0,4,1.1,15,59,15
Trade,47.164466857910156,0,4,1.1,11,58,15
Trade,47.165472745895386,0,4,1.1,18,56,15
Trade,47.16696238517761,0,4,1.1,16,55,15
Trade,47.17129564285278,0,4,1.1,13,57,15
Trade,47.172667026519775,0,4,1.1,12,59,15
Trade,47.172993421554565,0,4,1.1,17,56,15
Trade,47.17311692237854,0,4,1.1,46,58,15
Trade,47.173970460891724,0,4,1.1,42,55,15
Trade,47.17506766319275,0,4,1.1,19,57,15
Trade,47.19491672515869,0,4,1.1,14,59,15
Trade,47.19605827331543,0,4,1.1,10,58,15
Trade,47.196574687957764,0,4,1.1,15,55,15
Trade,47.19681453704834,0,4,1.1,11,57,15
Trade,47.20199990272522,0,4,1.1,18,56,15
Trade,47.20249891281128,0,4,1.1,16,59,15
Trade,47.2037718296051,0,4,1.1,13,57,15
Trade,47.20480227470398,0,4,1.1,12,58,15
Trade,47.205119371414185,0,4,1.1,35,55,15
Trade,47.206831216812134,0,4,1.1,30,56,15
Trade,47.21051216125488,0,4,1.1,32,59,15
Trade,47.211880922317505,0,4,1.1,31,58,15
Trade,47.212196826934814,0,4,1.1,33,57,15
Trade,47.213358879089355,0,4,1.1,34,59,15
Trade,47.214152097702026,0,4,1.1,39,55,15
Trade,47.21428060531616,0,4,1.1,36,56,15
Trade,47.217323541641235,0,4,1.1,38,57,15
Trade,47.21740508079529,0,4,1.1,37,58,15
Trade,47.218942642211914,0,4,1.1,17,59,15
Trade,47.21955609321594,0,4,1.1,47,55,15
Trade,47.22966527938843,0,4,1.1,19,55,15
Trade,47.229862451553345,0,4,1.1,14,58,15
Trade,47.23019599914551,0,4,1.1,10,57,15
Trade,47.2314977645874,0,4,1.1,11,56,15
Trade,47.23517298698425,0,4,1.1,15,59,15
Trade,47.235702991485596,0,4,1.1,18,58,15
Trade,47.237773418426514,0,4,1.1,16,55,15
Trade,47.23793172836304,0,4,1.1,13,57,15
Trade,47.239356994628906,0,4,1.1,12,59,15
Trade,47.23971176147461,0,4,1.1,31,56,15
Trade,47.2405264377594,0,4,1.1,37,58,15
Trade,47.24153542518616,0,4,1.1,30,57,15
Trade,47.2445924282074,0,4,1.1,32,55,15
Trade,47.246100425720215,0,4,1.1,35,56,15
Trade,47.24629783630371,0,4,1.1,34,59,15
Trade,47.24736785888672,0,4,1.1,38,58,15
Trade,47.2478187084198,0,4,1.1,36,57,15
Trade,47.2487211227417,0,4,1.1,33,55,15
Trade,47.2494535446167,0,4,1.1,39,59,15
Trade,47.252299547195435,0,4,1.1,17,56,15
Trade,47.252501487731934,0,4,1.1,19,58,15
Trade,47.25391244888306,0,4,1.1,14,57,15
Trade,47.263439655303955,0,4,1.1,10,57,15
Trade,47.26377010345459,0,4,1.1,11,58,15
Trade,47.264145612716675,0,4,1.1,15,55,15
Trade,47.264580726623535,0,4,1.1,18,59,15
Trade,47.26474404335022,0,4,1.1,16,56,15
Trade,47.27114915847778,0,4,1.1,13,58,15
Trade,47.271440744400024,0,4,1.1,12,57,15
Trade,47.27176237106323,0,4,1.1,35,55,15
Trade,47.273396730422974,0,4,1.1,34,59,15
Trade,47.27353477478027,0,4,1.1,30,56,15
Trade,47.27641844749451,0,4,1.1,36,58,15
Trade,47.27691960334778,0,4,1.1,37,59,15
Trade,47.27715063095093,0,4,1.1,32,55,15
Trade,47.27758741378784,0,4,1.1,39,57,15
Trade,47.277899503707886,0,4,1.1,38,56,15
Trade,47.280277729034424,0,4,1.1,31,58,15
Trade,47.28098940849304,0,4,1.1,33,55,15
Trade,47.28549098968506,0,4,1.1,17,56,15
Trade,47.28592300415039,0,4,1.1,14,57,15
Trade,47.28634524345398,0,4,1.1,19,59,15
Trade,47.287527561187744,0,4,1.1,10,55,15
Trade,47.28776288032532,0,4,1.1,11,58,15
Trade,47.28844237327576,0,4,1.1,15,56,15
Trade,47.29739594459534,0,4,1.1,18,56,15
Trade,47.297879219055176,0,4,1.1,16,57,15
Trade,47.29816937446594,0,4,1.1,13,55,15
Trade,47.298393964767456,0,4,1.1,12,58,15
Trade,47.298672676086426,0,4,1.1,17,59,15
Trade,47.305150508880615,0,4,1.1,14,59,15
Trade,47.30537295341492,0,4,1.1,11,56,15
Trade,47.30562448501587,0,4,1.1,10,57,15
Trade,47.306355237960815,0,4,1.1,15,55,15
Trade,47.30663871765137,0,4,1.1,19,58,15
Trade,47.3095645904541,0,4,1.1,18,56,15
Trade,47.309643507003784,0,4,1.1,16,59,15
Trade,47.30973768234253,0,4,1.1,13,57,15
Trade,47.31275415420532,0,4,1.1,12,55,15
Trade,47.31324243545532,0,4,1.1,17,58,15
Trade,47.313701152801514,0,4,1.1,10,59,15
Trade,47.31431317329407,0,4,1.1,11,57,15
Trade,47.31455731391907,0,4,1.1,15,56,15
Trade,47.79574942588806,0,4,1.1,14,52,15
Trade,47.797765254974365,0,4,1.1,19,54,15
Trade,47.80797076225281,0,4,1.1,13,52,15
Trade,47.81893038749695,0,4,1.1,16,54,15
Trade,47.82430100440979,0,4,1.1,18,52,15
Trade,47.84118580818176,0,4,1.1,12,52,15
Trade,47.86018252372742,0,4,1.1,35,52,15
Trade,47.860312700271606,0,4,1.1,30,54,15
Trade,47.877025842666626,0,4,1.1,32,52,15
Trade,47.877363204956055,0,4,1.1,37,54,15
Trade,47.890475034713745,0,4,1.1,39,52,15
Trade,47.8906455039978,0,4,1.1,38,54,15
Trade,47.89738059043884,0,4,1.1,33,55,15
Trade,47.90582990646362,0,4,1.1,31,52,15
Trade,47.90598249435425,0,4,1.1,36,54,15
Trade,47.92048668861389,0,4,1.1,34,52,15
Trade,47.92063045501709,0,4,1.1,11,54,15
Trade,47.92731523513794,0,4,1.1,14,56,15
Trade,47.94764232635498,0,4,1.1,19,52,15
Trade,47.94775438308716,0,4,1.1,17,54,15
Trade,47.947975397109985,0,4,1.1,13,58,15
Trade,47.94805884361267,0,4,1.1,10,57,15
Trade,47.94815397262573,0,4,1.1,15,59,15
Trade,47.96151614189148,0,4,1.1,16,52,15
Trade,47.96159768104553,0,4,1.1,18,54,15
Trade,47.97676348686218,0,4,1.1,12,52,15
Trade,47.97685265541077,0,4,1.1,14,54,15
Trade,47.99730110168457,0,4,1.1,11,52,15
Trade,47.99749708175659,0,4,1.1,13,54,15
Trade,48.02025771141052,0,4,1.1,15,54,15
Trade,48.02347421646118,0,4,1.1,10,52,15
Trade,48.02371788024902,0,4,1.1,19,55,15
Trade,48.02928042411804,0,4,1.1,17,54,15
Trade,48.04660940170288,0,4,1.1,18,52,15
Trade,48.04669690132141,0,4,1.1,16,56,15
Trade,48.046879291534424,0,4,1.1,12,54,15
Trade,48.06086611747742,0,4,1.1,14,59,15
Trade,48.06096863746643,0,4,1.1,13,52,15
Trade,48.061139822006226,0,4,1.1,15,54,15
Trade,48.06137728691101,0,4,1.1,11,58,15
Trade,48.081841707229614,0,4,1.1,10,52,15
Trade,48.10020136833191,0,4,1.1,17,54,15
Trade,48.10036587715149,0,4,1.1,19,55,15
Trade,48.10046315193176,0,4,1.1,12,52,15
Trade,48.10063171386719,0,4,1.1,16,54,15
Trade,48.10085988044739,0,4,1.1,18,57,15
Trade,48.10095524787903,0,4,1.1,13,56,15
Trade,48.10746121406555,0,4,1.1,15,52,15
Trade,48.11476731300354,0,4,1.1,14,54,15
Trade,48.12946915626526,0,4,1.1,11,52,15
Trade,48.13756537437439,0,4,1.1,10,54,15
Trade,48.13767623901367,0,4,1.1,19,59,15
Trade,48.14444422721863,0,4,1.1,17,58,15
Trade,48.14457058906555,0,4,1.1,16,52,15
Trade,48.164485931396484,0,4,1.1,12,54,15
Trade,48.16459059715271,0,4,1.1,13,52,15
Trade,48.17642164230347,0,4,1.1,15,54,15
Trade,48.19396734237671,0,4,1.1,14,52,15
Trade,48.20088505744934,0,4,1.1,18,54,15
Trade,48.201003313064575,0,4,1.1,11,55,15
Trade,48.21847343444824,0,4,1.1,17,54,15
Trade,48.21859049797058,0,4,1.1,16,52,15
Trade,48.23216676712036,0,4,1.1,19,54,15
Trade,48.232380867004395,0,4,1.1,12,52,15
Trade,48.24764609336853,0,4,1.1,13,52,15
Trade,48.249099016189575,0,4,1.1,10,54,15
Trade,48.250588178634644,0,4,1.1,15,57,15
Trade,48.26491928100586,0,4,1.1,14,54,15
Trade,48.26500749588013,0,4,1.1,18,52,15
Trade,48.27504062652588,0,4,1.1,17,59,15
Trade,48.27552795410156,0,4,1.1,11,56,15
Trade,48.27833533287048,0,4,1.1,16,52,15
Trade,48.28126263618469,0,4,1.1,19,54,15
Trade,48.28136992454529,0,4,1.1,10,58,15
Trade,48.29063034057617,0,4,1.1,12,52,15
Trade,48.296332597732544,0,4,1.1,13,54,15
Trade,48.31145238876343,0,4,1.1,18,52,15
Trade,48.3116729259491,0,4,1.1,14,54,15
Trade,48.31975269317627,0,4,1.1,15,52,15
Trade,48.328243255615234,0,4,1.1,17,55,15
Trade,48.34260845184326,0,4,1.1,16,52,15
Trade,48.34274935722351,0,4,1.1,11,57,15
Trade,48.35362887382507,0,4,1.1,10,54,15
Trade,48.35380148887634,0,4,1.1,12,52,15
Trade,48.371068477630615,0,4,1.1,13,52,15
Trade,48.37121820449829,0,4,1.1,19,54,15
Trade,48.387876987457275,0,4,1.1,18,52,15
Trade,48.38799738883972,0,4,1.1,14,54,15
Trade,48.40929818153381,0,4,1.1,15,52,15
Trade,48.415860414505005,0,4,1.1,17,59,15
Trade,48.41602540016174,0,4,1.1,16,54,15
Trade,48.41618371009827,0,4,1.1,10,56,15
Trade,48.42238640785217,0,4,1.1,11,52,15
Trade,48.43148970603943,0,4,1.1,12,54,15
Trade,48.45132780075073,0,4,1.1,13,52,15
Trade,48.45160222053528,0,4,1.1,18,54,15
Trade,48.45178031921387,0,4,1.1,19,58,15
Trade,48.451863288879395,0,4,1.1,14,57,15
Trade,48.452080488204956,0,4,1.1,15,55,15
Trade,48.46195936203003,0,4,1.1,17,52,15
Trade,48.462106227874756,0,4,1.1,32,54,15
Trade,48.47716164588928,0,4,1.1,35,52,15
Trade,48.477490186691284,0,4,1.1,16,54,15
Trade,48.496485471725464,0,4,1.1,30,52,15
Trade,48.502299785614014,0,4,1.1,10,54,15
Trade,48.50252413749695,0,4,1.1,34,59,15
Trade,48.50971698760986,0,4,1.1,38,54,15
Trade,48.51803469657898,0,4,1.1,36,52,15
Trade,48.5427348613739,0,4,1.1,31,54,15
Trade,48.54285430908203,0,4,1.1,12,52,15
Trade,48.54323887825012,0,4,1.1,39,56,15
Trade,48.55281472206116,0,4,1.1,18,52,15
Trade,48.55301117897034,0,4,1.1,13,54,15
Trade,48.55320191383362,0,4,1.1,11,58,15
Trade,48.56262445449829,0,4,1.1,37,54,15
Trade,48.56273794174194,0,4,1.1,33,52,15
Trade,48.57750344276428,0,4,1.1,14,54,15
Trade,48.57765197753906,0,4,1.1,15,52,15
Trade,48.59008073806763,0,4,1.1,19,54,15
Trade,48.590171337127686,0,4,1.1,17,52,15
Trade,48.5971884727478,0,4,1.1,16,57,15
Trade,48.60388445854187,0,4,1.1,10,52,15
Trade,48.60396957397461,0,4,1.1,12,54,15
Trade,48.61837196350098,0,4,1.1,18,52,15
Trade,48.618531227111816,0,4,1.1,11,54,15
Trade,48.61862802505493,0,4,1.1,13,55,15
Trade,48.62558722496033,0,4,1.1,14,52,15
Trade,48.635804891586304,0,4,1.1,16,54,15
Trade,48.64250636100769,0,4,1.1,17,52,15
Trade,48.65231490135193,0,4,1.1,15,54,15
Trade,48.66284441947937,0,4,1.1,12,52,15
Trade,48.66294574737549,0,4,1.1,10,54,15
Trade,48.67595410346985,0,4,1.1,19,52,15
Trade,48.676085233688354,0,4,1.1,11,54,15
Trade,48.68671202659607,0,4,1.1,13,52,15
Trade,48.686811447143555,0,4,1.1,14,54,15
Trade,48.694175481796265,0,4,1.1,18,59,15
Trade,48.704142332077026,0,4,1.1,17,52,15
Trade,48.70425844192505,0,4,1.1,15,54,15
Trade,48.72335362434387,0,4,1.1,16,52,15
Trade,48.723482608795166,0,4,1.1,10,54,15
Trade,48.723782539367676,0,4,1.1,12,57,15
Trade,48.73171925544739,0,4,1.1,19,52,15
Trade,48.7446506023407,0,4,1.1,11,54,15
Trade,48.74483871459961,0,4,1.1,17,55,15
Trade,48.74491882324219,0,4,1.1,13,52,15
Trade,48.754165172576904,0,4,1.1,14,58,15
Trade,48.761210203170776,0,4,1.1,15,56,15
Trade,48.77262759208679,0,4,1.1,18,54,15
Trade,48.77386927604675,0,4,1.1,16,52,15
Trade,48.79456686973572,0,4,1.1,12,52,15
Trade,48.7946891784668,0,4,1.1,10,54,15
Trade,48.8127863407135,0,4,1.1,19,59,15
Trade,48.82989478111267,0,4,1.1,11,57,15
Trade,48.87568974494934,0,4,1.1,14,55,15
Trade,48.93626165390015,0,4,1.1,13,58,15
Trade,48.943087577819824,0,4,1.1,17,56,15
